VariantName,GrowthRate,GrowthRateStd,Rank
BA.5.2.6,9.073229357390613,0.29458689609659233,1
BA.5.2.13,9.072522319608275,0.29457388008432134,2
BF.7,8.919869323828484,0.29585340805178195,3
BF.11,8.919622497535045,0.2957395996705362,4
BL.1,8.837564259888504,0.3259739821703543,5
BN.1,8.837020809219316,0.32559694345896023,6
BM.1.1,8.836782892685507,0.325716317528305,7
BA.2.75.2,8.836670415373097,0.32575081309970416,8
BM.2,8.835738093602538,0.3251987828548919,9
BE.1.2,8.767199674833517,0.2971205953104962,10
BA.5.1.18,8.762144509221335,0.29508010557184294,11
BA.5.1.20,8.761975304900709,0.294217566019449,12
BQ.1.1,8.683788806214961,0.3338480998545123,13
BA.2.75.4,8.676292285241978,0.3270753771361513,14
BU.1,8.624149757573749,0.3372773148939679,15
BA.5.1.21,8.555025201011292,0.29728556331364947,16
BT.1,8.555003012452321,0.2972928827717889,17
BA.4.6.1,8.549968099129737,0.3092587736391732,18
BA.4.6,8.47940127641051,0.29627594550102127,19
BA.5.2.8,8.468580768016452,0.2926437919987871,20
BA.5.2.14,8.468566243859106,0.2928084854546176,21
BA.5.2.16,8.468310385922067,0.2925051439648013,22
BA.5.2.10,8.468202453376996,0.29254239322335285,23
BA.5.2.15,8.468171647659664,0.29298607758435835,24
BA.4.1.9,8.468168932571992,0.29648374292065305,25
BA.4.1.8,8.468168932571992,0.29648374292065305,26
BA.5.2.7,8.468114444806359,0.29234138115801256,27
BA.5.2.17,8.468103504125978,0.29234402263579184,28
BA.5.2.12,8.468097695677098,0.2923375336669566,29
BA.5.2.3,8.468097695677098,0.2923375336669566,30
BA.5.2.11,8.468048180078775,0.2924984467590445,31
BA.5.2,8.391098566583002,0.31166327824332984,32
BF.14,8.377720843157165,0.30170984323543154,33
BF.13,8.330409331394693,0.30011983717357943,34
BF.18,8.321866491385657,0.2948010924886203,35
BF.3.1,8.320661016990403,0.29462589332720573,36
BF.3,8.319973493826755,0.29421428375469344,37
BF.23,8.319589994301642,0.29444569361682293,38
BA.5.2.9,8.31902030522784,0.2939850881091498,39
BA.5.2.1,8.318811363511738,0.31236356856665787,40
BF.15,8.315612018857296,0.2937568597042589,41
BF.6,8.315278898809979,0.2941424428741503,42
BF.16,8.314896327814974,0.29400110619643033,43
BF.10,8.314847750730424,0.29356396092842424,44
BA.5.2.4,8.31480002922438,0.29373712753352127,45
BF.21,8.314674641138728,0.29379840460770223,46
BF.2,8.314497052388333,0.2935735094773294,47
BF.17,8.31449290386466,0.2935627129944932,48
BF.20,8.314485293578548,0.29417047757200376,49
BF.22,8.314477579202574,0.2935736093737991,50
BF.4,8.31436019798318,0.2937902449691227,51
BF.8,8.314137124066844,0.29369923064931075,52
BA.5.2.5,8.313974246827417,0.2945824539651496,53
BF.9,8.313964378755244,0.2939459022420245,54
BF.5,8.30284972567441,0.3005074040416389,55
BA.2.75.1,8.232432598175182,0.32417882913272666,56
BN.2,8.232024197218914,0.32470698937383047,57
BA.2.75.5,8.231966233139282,0.3235778737538791,58
BM.4.1,8.23174680188902,0.3241095520321847,59
BM.1,8.23165123097217,0.323957795862893,60
BM.4,8.230702002805996,0.3235955995114493,61
BA.2.75.3,8.230606431889175,0.32344329348390743,62
BM.3,8.23056287373541,0.32351683177745383,63
BA.2.75,8.230437347181077,0.3234531843248686,64
BA.5.2.2,8.222825319951093,0.2984060388486232,65
BE.1.1,8.176864699843003,0.2968463230076817,66
BA.5.1.17,8.174577286902297,0.2954803468537534,67
BA.5.1.5,8.174400963903562,0.2964510695034533,68
BA.5.1.10,8.17029379516083,0.29583859417653147,69
BK.1,8.169721833529728,0.2954883348724338,70
BA.5.6.2,8.164620870310474,0.29237269425413037,71
BE.1,8.16275794570041,0.29512914984595057,72
BA.5.6.1,8.162298138391833,0.29286773341158856,73
BE.2,8.161551331660682,0.29479391790694176,74
BA.5.3.1,8.16151069736563,0.2948564109818203,75
BE.3,8.161314200189516,0.2949623752891616,76
BA.5.1,8.160340346534968,0.29292783262366767,77
BE.1.3,8.16011909977441,0.29567423327853903,78
BA.5.1.9,8.160045899027075,0.2931619354218792,79
BA.5.9,8.160042261054862,0.29300606270541324,80
BA.5.6,8.159927313429534,0.29200215293024173,81
BA.5.1.3,8.159362644808834,0.29256489712584394,82
BA.5.1.7,8.159018899457765,0.29255361153007353,83
BA.5.1.12,8.157819730478792,0.29229993676445487,84
BA.5.1.16,8.157633528583984,0.2921874021795981,85
BA.5.1.6,8.157450918279823,0.29204512994161796,86
BA.5.1.2,8.157115026388427,0.291832374363372,87
BA.5.1.19,8.15707059508169,0.2919461229106514,88
BA.5.1.15,8.156939330763265,0.29205205233337533,89
BA.5.1.13,8.15687028568598,0.29181989422739174,90
BA.5.1.14,8.156846911023845,0.29179393990045877,91
BA.5.1.8,8.156819638074689,0.29177048952856444,92
BA.5.1.4,8.15645453914837,0.29258758294177667,93
XAZ,8.156378840198979,0.29239550079854415,94
BA.5.7,8.155869491229467,0.2923752899767539,95
BA.5.10,8.15444915054175,0.2925412861614743,96
BA.5.8,8.153752386000004,0.2921378273398866,97
BF.19,8.11802460458565,0.30725344425344747,98
BA.5.1.11,8.114473739531324,0.2976206428610535,99
BA.5,8.107750063270673,0.3786946951640348,100
BF.1.1,8.107310288642097,0.3032931691096963,101
BF.1,8.089723330417268,0.30098870400414646,102
BA.5.5.3,8.084106456932314,0.28302457467191156,103
BQ.1,8.078669479643231,0.33182918294778513,104
XAN,8.068889319182485,0.30222047499965055,105
XAV,8.067679288025753,0.3021688972383769,106
BA.5.3.3,8.0370991305468,0.31641118225047105,107
BA.5.3.4,8.019715703361777,0.3117024222170872,108
BA.5.3,8.01922293736039,0.3117303088733435,109
BA.5.5.1,8.009910565899748,0.29481524507896173,110
BS.1,8.009828345544404,0.3475948218504424,111
BA.5.5,8.007176292049309,0.29407956866190726,112
BA.5.5.2,8.006118659664752,0.29361085675693815,113
BA.4.1.1,7.977585750065114,0.37591878640369986,114
BA.5.3.2,7.964593037180112,0.3102498928425778,115
BA.4.1.7,7.941319230384412,0.28509579877283586,116
BA.4.1.2,7.941104737323215,0.28443613512561655,117
XAJ,7.928850956018941,0.3161753307234147,118
BE.1.1.1,7.922526916538876,0.2892689274770574,119
BA.5.1.1,7.912859739939805,0.3238450512482003,120
BA.4.1,7.90758058959115,0.3348797236997401,121
BA.4.7,7.891351063950385,0.30216215114642836,122
BA.4.4,7.878285145443918,0.2954430446949608,123
BA.4.3,7.876412136595897,0.2958269730994961,124
BA.4.5,7.87406256693235,0.2957049163316801,125
BA.4.1.3,7.872187551270199,0.29563249023506205,126
BA.4.2,7.864038965081469,0.29431702050801534,127
BA.4.1.4,7.863063431506429,0.2942156262847708,128
BA.4.1.5,7.862820980279783,0.2942128018246294,129
BA.4.1.6,7.862581807695488,0.2943939325843421,130
XAS,7.86144407929835,0.29667249208828017,131
BA.4.8,7.861239961215591,0.29637085345372804,132
BA.4,7.8049326089023445,0.3613784607484025,133
BF.12,7.796426487771492,0.29447929723047384,134
BH.1,7.616708629401492,0.29484767390196986,135
BA.2.74,7.599676736403774,0.3006216403734684,136
BP.1,7.588848747655499,0.3043971343545262,137
BA.2.3.20,7.51365108671953,0.35922873314778503,138
BA.2.82,7.424898441330672,0.30131219508005913,139
BA.2.38.1,7.307112753305737,0.2981273757978182,140
BG.2,7.277687218871145,0.2996520648790628,141
BA.2.10.4,7.260361194612875,0.31140494523165413,142
BA.2.77,7.259571509125886,0.2997747891964448,143
BA.2.76.1,7.19811634113509,0.3146869396627076,144
BA.2.76.2,7.198027487316908,0.3146823241984748,145
BA.2.76,7.190869029933965,0.3133419776732208,146
BG.5,7.152691072421102,0.29791692132895914,147
BJ.1,7.151786247996241,0.33699455699604386,148
BG.6,7.148237955859536,0.296906208408935,149
BG.3,7.147826252552749,0.29700108592829944,150
BG.4,7.147747361246117,0.2967202748160935,151
BG.1,7.147738680385447,0.2965530416770963,152
BA.2.38.3,7.1405169851937975,0.2925496908059854,153
BA.2.80,7.1331611579315,0.2977712690969322,154
BA.2.9.4,7.130724668501334,0.29645195354097376,155
BA.2.12.1,7.108786526248663,0.3271682686677446,156
BA.2.38.2,7.023822396328281,0.2906167013769055,157
BA.2.38,7.0158545048078995,0.28769436144318367,158
BA.2.18,7.015735352382013,0.28778362142974984,159
BA.2.40.1,7.015727973465919,0.2876810126892303,160
BA.2.3.19,7.00435591774163,0.28902446690208916,161
BA.2.13.1,7.003517223651785,0.3004017384950435,162
BA.2.9.6,7.000362949222062,0.30038929061739317,163
BA.2.13,6.995818403077881,0.29889164113247496,164
BA.2.56.1,6.994938268811936,0.29939500085132803,165
BA.2.9.1,6.992308406776622,0.29837347479846443,166
BA.2.35,6.972411505934072,0.2969252391557827,167
BA.2.11,6.971954623441624,0.2968609189703188,168
BA.2.73,6.840680969105172,0.3189405527655756,169
BA.2.55,6.824099113245372,0.2996123980873928,170
BA.2.42,6.820071313309847,0.2988466334342075,171
BA.2.36,6.819652890804246,0.2986196532361446,172
BA.2.48,6.818865496623849,0.3039267127612572,173
BA.2.79.1,6.817570033216768,0.3043812549089459,174
BA.2.54,6.816742047829824,0.30401199555264274,175
BA.2.71,6.814771366256172,0.3021799881785096,176
BA.2.9.3,6.814771366256172,0.3021799881785096,177
BA.2.61,6.814771366256172,0.3021799881785096,178
BA.2.56,6.761008463172246,0.3770273762246687,179
XW,6.678794224664137,0.31697199281786903,180
BA.2.12.2,6.6724243812222905,0.3064274577806017,181
BA.2.58,6.656549253773268,0.2968841081644362,182
BA.2.12,6.633813603454552,0.30936524563155915,183
XT,6.624436249943082,0.30388239611411527,184
BA.2,6.619534963859375,0.45463376743216455,185
BA.2.19,6.616198774368741,0.3004818363701546,186
BA.2.15,6.6149519200000055,0.3005874653454103,187
XAC,6.6146684846332455,0.29495414472719794,188
BA.2.16,6.614338212990634,0.3006350687905236,189
XAR,6.589924867887431,0.31251174347702315,190
XN,6.589894046731151,0.3126111370143681,191
XAU,6.58988753162947,0.31218937357310617,192
BA.2.10.3,6.581363980654264,0.301248754671504,193
BA.2.70,6.557149273534718,0.29946548110375354,194
XAA,6.542093559598228,0.3084964747290089,195
XQ,6.541911540631449,0.30837588757470796,196
XAG,6.541901995916419,0.30837855198582215,197
XAB,6.541901995916419,0.30837855198582215,198
XR,6.541895221713537,0.3084584929907976,199
XAM,6.540962792378687,0.30865734670990624,200
BA.2.9,6.539569905108187,0.30190297559238544,201
BA.2.52,6.536301389384837,0.29557403694564593,202
XAP,6.5360023207029485,0.2985608602390026,203
XAD,6.53599323095723,0.29856234428249334,204
XZ,6.535987216079128,0.298886416271427,205
XAH,6.535596328607622,0.29857949054497746,206
BA.2.72,6.53330818524738,0.2952291146684843,207
BA.2.50,6.53330818524738,0.2952291146684843,208
BA.2.53,6.532892945025914,0.29621148413196874,209
BA.2.63,6.531701678947808,0.2960204559943075,210
BA.2.20,6.530007578890139,0.29547865120844036,211
BA.2.81,6.52998605020376,0.2947208391197822,212
BA.2.43,6.529907161132985,0.297014243999027,213
BA.2.44,6.529347757166859,0.2967525517191533,214
BA.2.59,6.529004879071437,0.2955777074759388,215
BA.2.2,6.528198144657956,0.2948492238684194,216
BA.2.2.1,6.528144293708281,0.2956387712596643,217
BA.2.23.1,6.528005198319196,0.2942690812286297,218
BA.2.47,6.52774261145359,0.29440258329159225,219
BA.2.46,6.527729343586551,0.29494653266732784,220
BA.2.79,6.527718456157149,0.2948610223134449,221
BA.2.21,6.527403949606766,0.2947766752092695,222
BA.2.24,6.527397068915156,0.2943934343342673,223
BA.2.23,6.527202843552247,0.29425257744359123,224
BA.2.39,6.526997754988727,0.2948892509843144,225
BA.2.62,6.526926597832071,0.294414842216264,226
BA.2.14,6.526893517616288,0.2945617294371492,227
BA.2.8,6.526852167821631,0.29460568439692225,228
BA.2.28,6.526818113708471,0.29451717281932754,229
BA.2.45,6.526795986859337,0.29434647455322455,230
BA.2.78,6.526792150508414,0.2943902446550989,231
BA.2.22,6.526755196215841,0.294441994517615,232
BA.2.60,6.526692656395831,0.29509364680463884,233
BA.2.64,6.526535435397474,0.2943658727994709,234
BA.2.9.5,6.52653138445727,0.2947324831409395,235
BA.2.27,6.526527446564747,0.2943920375671825,236
BA.2.68,6.526497488558595,0.294265661956846,237
BA.2.17,6.526495323049263,0.29484914765037296,238
BA.2.1,6.526481491558007,0.2944382261365274,239
BA.2.67,6.526480038162473,0.2943564546211288,240
BA.2.57,6.52647350973276,0.29436272148453707,241
BA.2.49,6.526468371756359,0.2942676929208289,242
BA.2.51,6.526468371756359,0.2942676929208289,243
BA.2.40,6.526468371756359,0.2942676929208289,244
BA.2.31,6.526468371756359,0.2942676929208289,245
BA.2.29,6.526468371756359,0.2942676929208289,246
BA.2.65,6.526425177877338,0.2943776144514789,247
BA.2.69,6.5264190848415655,0.2947431996614519,248
BA.2.26,6.526390585635552,0.29454474340302794,249
BA.2.37,6.526377515107775,0.2945942365312734,250
BA.2.34,6.526365713778032,0.29448730513892823,251
BA.2.66,6.526239951624831,0.29505896240048646,252
BA.2.4,6.526227224830284,0.294341917085146,253
BA.2.5,6.526216349768426,0.2943684042293667,254
BA.2.32,6.526210367681856,0.2943384949929044,255
BA.2.7,6.526160957684777,0.2942050160904104,256
BA.2.30,6.52608806990116,0.2949848199872374,257
BA.2.9.2,6.526004774642621,0.29455823215820376,258
BA.2.33,6.525843373108987,0.2943041396125904,259
BA.2.6,6.525601657306419,0.29457636323312536,260
BA.2.25.1,6.525062391248368,0.29486041039784566,261
BA.2.25,6.525010938188715,0.29483182844841715,262
XAT,6.523527378541943,0.29975928193540696,263
BA.2.3.12,6.516972564553607,0.2959519622675704,264
BA.2.3,6.516748900556494,0.2958157966686676,265
BA.2.3.2,6.516165858330189,0.2957857055239188,266
BA.2.3.16,6.515542884897223,0.2954444211473711,267
BA.2.3.18,6.51543671276165,0.29606496461183984,268
BA.2.3.10,6.515261000924773,0.295455442629784,269
BA.2.3.6,6.51519589552706,0.2953649852038324,270
BA.2.3.14,6.515180921593158,0.2953905763551476,271
BA.2.3.4,6.515154364461542,0.2954100201008908,272
BA.2.3.9,6.515141649238564,0.2954076551179418,273
BA.2.3.11,6.515138975243392,0.29537833875481956,274
BA.2.3.7,6.515125004274996,0.29554156108923346,275
BA.2.3.15,6.51510301233424,0.295427479585601,276
BA.2.3.8,6.515075486654197,0.2954655562946409,277
BA.2.3.5,6.515036477912247,0.29540708336838767,278
BA.2.3.1,6.5145271778912015,0.2955179899865571,279
BA.2.3.17,6.514345625490709,0.295656214883785,280
BA.2.3.13,6.513993429595321,0.29555029069904665,281
XH,6.497440364716827,0.3102395397097511,282
XL,6.49503146856029,0.31006229364006127,283
XU,6.49496772191032,0.3099648546083391,284
XG,6.49496772191032,0.3099648546083391,285
XV,6.490609788781677,0.3101539326585868,286
XY,6.490339667959873,0.3103556667342113,287
XAF,6.487531572007346,0.3097783677247637,288
XJ,6.443632320896626,0.3131930559556132,289
XE,6.441497083196389,0.3124698753368919,290
BA.2.41,6.430584019549961,0.3166233315258413,291
XAE,6.381057970621669,0.2985784223677831,292
BA.2.10,6.3455261272347485,0.3862362183594565,293
BA.2.10.2,6.290440267199731,0.29785679615329147,294
BA.2.10.1,6.288169112991115,0.2968678806943251,295
XAL,6.132985760579408,0.3075293993473533,296
XAQ,6.130966764814134,0.30652633347458974,297
XM,6.130966764814134,0.30652633347458974,298
BA.3.1,6.020640233135487,0.2751245402467853,299
XK,5.933761412109257,0.30749167483564427,300
B.1.1.529,5.919636811419544,1.263877895543481,301
XAY,5.757130696574466,0.3252205556066308,302
XAK,5.75299087395508,0.3240838597144373,303
XP,5.608874539189786,0.26209819999920275,304
BA.1.23,5.60143747790618,0.26516499414984684,305
BA.3,5.531397905717215,0.2825108290063508,306
XBA,5.497450340741408,0.3584859275255643,307
BA.1.1.17,5.369320022799371,0.2611977849419885,308
BA.1.1.7,5.364735207928498,0.2586744350644565,309
BA.1.1.4,5.364272314115725,0.25895244142434687,310
BA.1.1.10,5.363973720438824,0.2585591086107908,311
BA.1.1.12,5.363665623188723,0.25881764755199727,312
BA.1.1.9,5.363564242535531,0.2586533151895435,313
BC.2,5.363557027091249,0.25869775679950663,314
BA.1.1.16,5.363548459757667,0.25858293665213555,315
BA.1.1.5,5.3634972260922655,0.25857971870608704,316
BA.1.1.6,5.363482103905202,0.25859499272695263,317
BA.1.1.8,5.363437773667278,0.2586114186095426,318
BA.1.1.15,5.363214962782635,0.25862954010837114,319
BA.1.1.13,5.363207244903314,0.2588252172929858,320
BA.1.1.14,5.363169222133881,0.2587504816067257,321
BC.1,5.362886746378935,0.25877055422488576,322
BA.1.1.1,5.362613574689647,0.258478469633667,323
BA.1.1.3,5.362235961087074,0.25940045910637877,324
BA.1.1.2,5.36132683743997,0.2590796299127697,325
BA.1.1.11,5.341679880404271,0.26578136465034463,326
BA.1.1,5.323057603934512,0.27936525830056286,327
XS,5.31250360414095,0.2728156034018396,328
BA.1.1.18,5.259881694551593,0.25967606620974437,329
BA.1.9,5.154263762166464,0.270449684269026,330
BA.1.18,5.096811987339511,0.29961575228028503,331
BA.1.15.2,5.077728101826632,0.27325241703469083,332
BD.1,5.0411505396401415,0.27609112267900554,333
BA.1.15,5.027568394349295,0.2703123407474936,334
BA.1.13.1,5.021381107634787,0.2606004603036715,335
BA.1.15.3,5.020347033949887,0.257657867939494,336
BA.1.15.1,5.0196016350451185,0.25737044701868705,337
BA.1,5.018667731448807,0.2976317406228938,338
BA.1.8,5.016690481456195,0.2592661962513658,339
BA.1.24,5.013795844739652,0.2588626648564397,340
BA.1.13,5.012302434278521,0.2579339031693249,341
BA.1.21.1,5.0122775171353,0.2583809923439466,342
BA.1.21,5.012271845587573,0.2582698526401278,343
BA.1.14,5.011981608459123,0.2578195871655039,344
BA.1.10,5.011980258469309,0.2580474946592221,345
BA.1.6,5.011972680556155,0.2579383202916536,346
BA.1.14.1,5.011963786026368,0.25819575409463547,347
BA.1.14.2,5.011935084814853,0.25833143599007163,348
BA.1.12,5.011918862196397,0.2578484228162956,349
BA.1.5,5.011851795781599,0.25775324003218497,350
BA.1.4,5.011851758571049,0.2577195670114496,351
BA.1.3,5.011845142541356,0.2577232294221263,352
BA.1.2,5.011842324503579,0.25773091903887674,353
BA.1.22,5.011818705432032,0.2578588450630335,354
BA.1.16.2,5.0117947897216215,0.25798392769304557,355
BA.1.16.1,5.0117278841343,0.25838443700276137,356
BA.1.16,5.0117097115397655,0.2579589856691787,357
BA.1.7,5.011292821339562,0.2584410283928369,358
BA.1.20,5.010802499173903,0.2576958456497894,359
BA.1.19,5.003464801483433,0.2617252964682308,360
BA.1.17.2,4.989818912319578,0.2618068742859303,361
BA.1.17,4.972449624022856,0.26310382967097395,362
BA.1.17.1,4.964856246287483,0.2620157390313882,363
XF,4.945599375306261,0.2741004338501445,364
XD,4.695609426396719,0.2656745581134975,365
XAW,4.435596237870605,0.3192247828420981,366
AY.43.3,3.405054290419215,0.15609104157018733,367
AY.130,3.259550427957535,0.18047744448715863,368
AY.4.2.2,3.2492228002463777,0.14543363242514243,369
AY.5.7,3.2442468437162884,0.16443407229734522,370
AY.33.2,3.24024909802621,0.1309269117973123,371
AY.29.2,3.1573661291214687,0.1711656906437504,372
AY.29,3.1548523671867748,0.1706390589393161,373
AY.29.1,3.154125114894014,0.16994169776468013,374
B.1.637.1,3.1449604220215432,0.22327504905431536,375
AY.4.2,3.1240965244754033,0.13850706919230393,376
XC,3.1234881302898527,0.24478890325527686,377
AY.4.2.1,3.1230023634317203,0.13781917066269053,378
AY.4.2.4,3.1229131982999934,0.1377146742520011,379
AY.4.2.3,3.1224846037780623,0.13780091872764574,380
AY.4.2.5,3.1223698741583243,0.137430438974105,381
AY.127.3,3.10721595693931,0.14368692169305608,382
AY.25.1.1,3.106746551842195,0.1794622839255687,383
AY.127.2,3.094487268782352,0.15710911903308233,384
AY.127.1,3.0942119682128264,0.1564454333177775,385
AY.127,3.086962763665559,0.1503727600439524,386
AY.36.1,3.080486291812382,0.14931559700782507,387
AY.121.1,3.0272324372186405,0.13669799210640518,388
AY.43,3.0266967743997317,0.13565057518618828,389
AY.43.6,3.0231803604180585,0.13146513809878374,390
AY.43.4,3.0223266136104954,0.13205562098530013,391
AY.43.5,3.0215743696655504,0.13200484974939963,392
AY.43.9,3.021337834124572,0.13136200325131417,393
AY.23.1,3.020822067065967,0.13687397162736314,394
AY.43.8,3.0205608937771204,0.13077755145698672,395
AY.43.7,3.020208498654648,0.13113744130052354,396
AY.43.1,3.0201293352380625,0.13161952519454176,397
AY.116.1,3.020074771753267,0.13988456953041906,398
AY.43.2,3.0184778776012617,0.1334006745916213,399
AY.23,3.0156765933360643,0.13540048385620962,400
AY.23.2,3.015202987074276,0.13544937431771856,401
AY.4.9,3.007781800338723,0.13580137609442985,402
AY.33.1,3.0035026936742844,0.15323385101706632,403
AY.4.8,3.0012938391771,0.13430405009754737,404
AY.4,2.99747419672691,0.1373308873760571,405
AY.4.6,2.9973347141072217,0.1321662871525667,406
AY.4.10,2.9960083437883003,0.13246847527710137,407
AY.4.13,2.9959491696710407,0.1329718736441676,408
AY.4.16,2.995760466438083,0.13148831867206037,409
AY.4.5,2.995498168016027,0.13169594965336537,410
AY.4.17,2.994764727658632,0.1305082122070415,411
AY.4.11,2.994559301434744,0.13046529492927247,412
AY.4.15,2.99441735539257,0.1312086438574112,413
AY.4.12,2.9941149929284445,0.1305826353883812,414
AY.4.14,2.9940782289148324,0.1310676582906628,415
AY.4.1,2.993886681414767,0.13163093532644393,416
AY.4.4,2.9935682902026173,0.1306036612485286,417
AY.4.3,2.993487599448532,0.1315845397300464,418
AY.36,2.9930251910502017,0.1620964597948936,419
AY.126,2.992081524763983,0.14323622093901625,420
AY.122.3,2.9915356525021566,0.14759534007993044,421
AY.121,2.979906616383394,0.1481303533757903,422
AY.4.7,2.9786435984795028,0.1352805274072525,423
AY.39.1.4,2.9781393046780287,0.17336637963053428,424
AY.119.2,2.9740869740055036,0.15799682061202788,425
AY.131,2.969272947758002,0.1064513296975927,426
AY.34.1,2.9591960520626257,0.14808110612669803,427
AY.34.1.1,2.9580528013207292,0.14581371634398593,428
AY.34.2,2.957073647616136,0.14559796982312548,429
AY.34,2.9546374182375144,0.14647613964925266,430
AY.103,2.9384646873623184,0.1372210452024963,431
AY.100,2.93817821773587,0.1551364992152817,432
AY.98.1,2.933312918115532,0.1356576474913043,433
AY.103.2,2.933072163024089,0.1310747581500139,434
AY.33,2.9324388040861336,0.14696018301803743,435
AY.103.1,2.932031105287193,0.13113231861599556,436
AY.116,2.931090432903979,0.14696280336352355,437
AY.98.1.1,2.931088719591097,0.13500980836558002,438
AY.129,2.9278275091536115,0.14534908238424538,439
AY.41,2.919901899143999,0.13939377060309635,440
AY.39.1,2.9152061426648435,0.15005495046722112,441
AY.132,2.9109820960393145,0.1409446754566661,442
AY.109,2.910412047974602,0.14275259448670033,443
AY.98,2.909299341262668,0.13604818854890885,444
AY.46.5,2.908678268157338,0.13869764978825266,445
AY.112.3,2.9069846095089,0.14195178202473577,446
AY.39.3,2.904207149047637,0.1364976160853079,447
AY.122.6,2.902689338272629,0.14145565810383853,448
AY.9.2,2.898306482879559,0.13485224645283708,449
AY.84,2.896224572485399,0.13075542970421822,450
AY.22,2.896034517984777,0.1333003335634341,451
AY.5,2.8943841052482018,0.1333692968512529,452
AY.9.2.2,2.894244654246686,0.13219737538107354,453
AY.9.2.1,2.894020204650204,0.1320343518546404,454
AY.25.1.2,2.8936457055957816,0.13051641667038127,455
AY.6,2.8936268266227763,0.13581625039391687,456
AY.122.5,2.8934077903189626,0.13249703791919756,457
AY.124,2.892957578637647,0.13110114646049256,458
AY.125.1,2.892697645558445,0.13216355966969284,459
AY.124.1.1,2.8926206001396024,0.13468762200021242,460
AY.124.1,2.8924578223533186,0.13455226499740658,461
AY.125,2.891856353121821,0.131399116900979,462
AY.3.3,2.8916848473799264,0.1314642948408148,463
AY.112.2,2.891660213544508,0.13105553460079233,464
AY.91,2.890667434402258,0.13084272289618873,465
AY.119.1,2.89063931900796,0.13197391341944884,466
AY.91.1,2.8904562591762906,0.13209100148156708,467
AY.3,2.8895593900245897,0.13109443451701946,468
AY.25,2.8887815681241795,0.13151178188465357,469
AY.112,2.8887697957508296,0.13090368470596714,470
AY.112.1,2.8886540907510865,0.1313962219359848,471
AY.99.2,2.88854225331917,0.13051281830506184,472
AY.118,2.888476601289106,0.13737594464634229,473
AY.113,2.8881645669525438,0.1293583855829479,474
AY.123.1,2.888146507584038,0.13212311773445773,475
AY.46,2.8880980344355183,0.1291384051352498,476
AY.128,2.8880685753971886,0.13034707146953187,477
AY.39.2,2.8880634138172647,0.13111955062380032,478
AY.46.6,2.887829538761697,0.12943473688022633,479
AY.39.1.2,2.887647425696379,0.13024424470338802,480
AY.46.1,2.887573586326738,0.12972143004395664,481
AY.92,2.887486398654487,0.12964996768399495,482
AY.119,2.8873923532121344,0.12960321708741102,483
AY.39,2.887280389696986,0.12982084405719127,484
AY.120,2.8870539668234234,0.12987693724076577,485
AY.5.4,2.887050188732509,0.1294385976492503,486
AY.46.2,2.8870247254528305,0.12886814402807473,487
AY.46.6.1,2.887019741290025,0.12923841820284404,488
AY.122.4,2.8867805367043964,0.12938281325849632,489
AY.122.2,2.8867466941815527,0.1293416575474119,490
AY.46.3,2.8866986943520376,0.1318491333057084,491
AY.123,2.8866697270037203,0.12985408691703618,492
AY.25.3,2.886654681784042,0.12941468674774584,493
AY.86,2.886640117768601,0.12996210132470734,494
AY.99,2.886615408829915,0.12921391979614255,495
AY.80,2.886549522072381,0.1296353983909185,496
AY.94,2.8865488936829693,0.12916217330450083,497
AY.111,2.8865284744176387,0.12963295872324898,498
AY.90,2.8865082154872708,0.12967056848512523,499
AY.87,2.886495116059872,0.13093517683147307,500
AY.99.1,2.88648598882969,0.12964007915339043,501
AY.134,2.886470475808858,0.1297843232986495,502
AY.3.4,2.886464012146984,0.13001614778747667,503
AY.108,2.8863719245927,0.1300291955142704,504
AY.39.1.3,2.8863601407971164,0.1295704038824765,505
AY.5.6,2.886346777527875,0.13016143771396524,506
AY.3.2,2.8863383032402328,0.129276736381158,507
AY.106,2.886294933583447,0.12904296288738357,508
AY.39.1.1,2.88629347118628,0.1294491064082865,509
AY.102.2,2.886279721591379,0.13084915607213218,510
AY.5.1,2.8862493666288143,0.1290428638044801,511
AY.102,2.886238013299754,0.12902867247784663,512
AY.79,2.886238013299754,0.12902867247784663,513
AY.5.5,2.886238013299754,0.12902867247784663,514
AY.5.2,2.886238013299754,0.12902867247784663,515
AY.5.3,2.886238013299754,0.12902867247784663,516
AY.82,2.8862212322484315,0.12913293962492428,517
AY.107,2.8861983463319025,0.1291912137759284,518
AY.76,2.8861941944682656,0.1298564703665592,519
AY.104,2.8861873237183637,0.12909432457431946,520
AY.32,2.8861873237183637,0.12909432457431946,521
AY.25.2,2.8861783397108787,0.13006487818041504,522
AY.120.2.1,2.8861549863947027,0.12901626051207263,523
AY.120.2,2.8861549863947027,0.12901626051207263,524
AY.3.1,2.8861504960928905,0.1294462354516043,525
AY.105,2.886114308353424,0.12966508246371686,526
AY.110,2.8860921135625706,0.1290755222009787,527
AY.101,2.8860741933241787,0.13013597411054456,528
AY.42,2.8860349209152947,0.1299327962633197,529
AY.88,2.885914425720444,0.13017259665571465,530
AY.20.1,2.885891052370523,0.12923550829974612,531
AY.46.4,2.8858538116086554,0.12933536122639536,532
AY.20,2.8858535905106355,0.12928411345773883,533
AY.120.1,2.8857410204600624,0.1297385512932665,534
AY.45,2.8856719989342436,0.1297469796452529,535
AY.122.1,2.8852004572528904,0.1300568763161586,536
AY.114,2.8850490732760226,0.12952594164043796,537
AY.93,2.8849785511307573,0.1294600956733061,538
AY.117,2.8849659155908776,0.13082529172151455,539
AY.81,2.8847571787836506,0.13126895647644268,540
AY.42.1,2.884598579752813,0.13057459514034514,541
AY.95,2.883362557357375,0.1301210960451556,542
AY.83,2.8825114013705533,0.13133606437304654,543
AY.25.1,2.881240233019226,0.15208492775284677,544
AY.21,2.8806687340433474,0.13239837674278065,545
AY.85,2.8803320907005885,0.1331682480647804,546
AY.122,2.8794677883436344,0.14429809501837654,547
AY.44,2.8780109313455755,0.16529336459232247,548
AY.7.2,2.8689611710180105,0.13717385361091788,549
AY.7.1,2.868744871236178,0.1368863682683856,550
AY.7,2.8687375626886147,0.13688186688348095,551
AY.102.1,2.861890922500397,0.15456746842999655,552
AY.78,2.841059373364887,0.15288901445033695,553
AY.47,2.806246975498647,0.14261978075427548,554
AY.77,2.786474868960453,0.17423473366388917,555
AY.26,2.767152140053471,0.14086615370405997,556
AY.26.1,2.75982822861929,0.13275893271802539,557
AY.133,2.7574906388411784,0.13510652849838028,558
AY.27,2.723093583827619,0.15362088322900566,559
B.1.617.2,2.7212339199338476,0.2686933555984617,560
AY.69,2.6923775740973714,0.1491228732926992,561
AY.9,2.68774346845212,0.17296453346846158,562
AY.1,2.6635918709107926,0.13672595452352257,563
AY.14,2.6612797212524737,0.1314349679408367,564
AY.54,2.6591042987179336,0.13112795114984518,565
AY.15,2.6587305099149448,0.13120148384450697,566
AY.71,2.655414825055276,0.14325384283915027,567
AY.28,2.6361816233010504,0.13460778805325005,568
AY.75,2.63411299778322,0.13084870061205597,569
AY.63,2.6336539792847975,0.13549716821995508,570
AY.68,2.6323326387896775,0.1332899253885134,571
AY.75.3,2.630073980523211,0.1308693867292553,572
AY.74,2.6284540178010154,0.13054107615822247,573
AY.73,2.6282581440125377,0.13074888330982648,574
AY.60,2.6270692045148403,0.13096012004351346,575
AY.70,2.626915765217371,0.12970248281377744,576
AY.57,2.62542673468716,0.1311827295003509,577
AY.72,2.62518966637246,0.12980705799162043,578
AY.58,2.624969702401597,0.12919252710204615,579
AY.64,2.624804114042213,0.12974921313872514,580
AY.37,2.624774442590877,0.12918526098013128,581
AY.65,2.6244275250552054,0.12890214320085086,582
AY.24.1,2.6244047226751737,0.13142817120796157,583
AY.62,2.6243228078992984,0.12890602117937722,584
AY.38,2.6243174998928835,0.12920459215605576,585
AY.55,2.624293573709052,0.12889269345334015,586
AY.59,2.624293573709052,0.12889269345334015,587
AY.24,2.624293573709052,0.12889269345334015,588
AY.75.2,2.624293573709052,0.12889269345334015,589
AY.61,2.624235331738236,0.1289862375178755,590
AY.56,2.624052726616331,0.12934797474488924,591
AY.67,2.6237834351583267,0.12922255776731953,592
AY.11,2.623668907077397,0.12969851725054493,593
C.1.2,2.619179101146032,0.26175794906542993,594
AY.66,2.5791088597194194,0.1516035812606086,595
AY.51,2.53477991464983,0.14020616106507827,596
AY.50,2.5289649780509262,0.13533909153426538,597
AY.13,2.5267087502803833,0.13303600972167517,598
AY.19,2.5264915650116198,0.13518713070542285,599
AY.16.1,2.5255262666895795,0.13397056687510014,600
AY.8,2.5252231814832333,0.13398699348355222,601
AY.53,2.524561779936155,0.13278677780107986,602
AY.16,2.5245269154421504,0.13287164403653004,603
AY.18,2.524248892748893,0.13261815856255701,604
AY.49,2.523644124152657,0.1331556138325299,605
AY.52,2.522238469780784,0.13369807525620947,606
AY.17,2.5189056658535267,0.13749871084350282,607
AY.35,2.482255341181418,0.12960034556619823,608
AY.10,2.4298323317919936,0.1475151365222319,609
AY.48,2.4278869859583656,0.13318425618232635,610
AY.2,2.4032716576501576,0.13701562624836003,611
P.1.12.1,2.3754932409945275,0.1475126433080816,612
P.1.4,2.3616808908521274,0.14379409972820675,613
P.1.5,2.3615877764594835,0.14415887338325512,614
B.1.621.1,2.259116395205102,0.12126159398841264,615
BB.2,2.2586050672172484,0.12167177762514428,616
AY.40,2.24883342876584,0.14011750406791276,617
BB.1,2.2395315896744505,0.12067078289012209,618
B.1.621.2,2.2395315896744505,0.12067078289012209,619
AY.30,2.235402402198272,0.13280914750667713,620
AY.31,2.2346337653639936,0.13438851890620324,621
B.1.633,2.2292989180386944,0.20756686884224398,622
B.1.621,2.213682863985115,0.13734966758948972,623
C.38,2.199876593090206,0.20973348933651123,624
P.1.8,2.1797507972253,0.1578792270792076,625
P.1.11,2.1782703669157883,0.15632725427761276,626
B.1.640,2.175894051114981,0.19477855029671254,627
B.1.604,2.168296948117788,0.21735183512455908,628
P.1.12,2.138158162266114,0.2706927237674634,629
C.36.3.1,2.113255734341544,0.13395667599049146,630
B.1.632,2.029261899456933,0.262182141708853,631
P.1.9,1.991997062690944,0.14399136823746858,632
B.1.631,1.983636367608978,0.15109625980732602,633
XB,1.982619874766329,0.1250349760906578,634
A.2.5.3,1.9648181758139864,0.1471328721388183,635
B.1.640.1,1.9580780224483116,0.18607561423794805,636
P.1.7.1,1.9466311463331272,0.12389030109420499,637
P.1.6,1.9464255320944144,0.12324493879151664,638
P.1.7,1.9464255320944144,0.12324493879151664,639
P.1.17.1,1.9458513033508968,0.13562901034851704,640
B.1.243.2,1.9401511556552555,0.17777567283098336,641
C.36.3,1.9355234931474168,0.1205255749733981,642
P.1.2,1.9257900097062863,0.12317453404111638,643
C.37.1,1.918225548489083,0.12025199576151197,644
C.37,1.916552274020845,0.11972398437164368,645
P.1.17,1.9096681440417405,0.11870091846186286,646
P.1.16,1.902172965142598,0.11336682715315385,647
P.1.3,1.9020531347538667,0.11408737313861031,648
P.1.10.1,1.901306525447072,0.11290959904957693,649
P.1.1,1.901177722086257,0.1126145066566009,650
P.1.15,1.901177722086257,0.1126145066566009,651
P.1.10,1.9010610012662041,0.11284841744351193,652
P.1.13,1.9009766778430788,0.11268277342166177,653
P.1.10.2,1.900613742505166,0.11345827165275861,654
B.1.634,1.885258491296238,0.21027183944199385,655
P.1,1.8656281333910087,0.1446029482883929,656
B.1.415.1,1.8636181001582,0.18337299324652118,657
B.1.1.523,1.848110071851376,0.13645446124983834,658
P.1.14,1.8332529964537054,0.16130644900911448,659
B.1.619.1,1.8252891809245904,0.11277067136160826,660
B.1.619,1.8237411330296889,0.11226830965648678,661
B.1.638,1.8164456769992383,0.28063439195171486,662
A.2.5.2,1.78688802972886,0.12834040093815113,663
A.2.5,1.7868538225006123,0.12793670609049224,664
A.2.5.1,1.7865089043632203,0.1278455937783445,665
A.30,1.7850851104521253,0.2303894119247482,666
B.1.617.1,1.7654656107370004,0.14617784174302276,667
B.1.617.3,1.7474866368904292,0.14960839014839694,668
B.1.617,1.7446448332606015,0.14367089135865505,669
B.1.575.2,1.7258598608348572,0.17550067988783208,670
B.1.637,1.714309510673227,0.11782980381405883,671
B.1.620,1.7030459191815368,0.13027907737442057,672
B.1.625,1.6856733439642184,0.20184418165311144,673
B.1.629,1.6498794943038289,0.17552874401906615,674
Q.5,1.6430457684806734,0.1174755131047798,675
Q.8,1.64180570484527,0.11757366243410618,676
Q.6,1.6417704649758382,0.11497686848857723,677
Q.7,1.6400406450451073,0.11522011756693713,678
Q.3,1.6400194080463184,0.11540865685192131,679
Q.4,1.639939372448623,0.11506199985184667,680
Q.1,1.639917516386879,0.11464241481626289,681
Q.2,1.6398637996210446,0.11653453564192653,682
A.27,1.6378717923485344,0.16052937367304762,683
B.1.526,1.6304134008081193,0.14936291134301208,684
B.1.1.7,1.6063745134021914,0.15154411083331842,685
AZ.2.1,1.6019419336445242,0.15971218018464517,686
AZ.2,1.6013104890628338,0.1594161484546279,687
AZ.4,1.5944176570894346,0.15933117921251916,688
B.1.635,1.5934049084519213,0.16584874412135425,689
XA,1.5930657855852186,0.18213755359720532,690
AZ.6,1.5890991965677113,0.15982557266369657,691
B.1.1.318,1.588166597100905,0.1574078295536504,692
AZ.1,1.5881370464742646,0.15815576573680679,693
AZ.3,1.588079660134482,0.15839679856121883,694
AZ.5,1.5878027329568265,0.15708273653363766,695
B.1.525,1.5642398815860639,0.09476231125113553,696
B.1.351.5,1.554354910113685,0.13151201378626426,697
B.1.640.2,1.550705645776422,0.17369891366591525,698
B.1.351,1.5483364528762702,0.14847759393836368,699
B.1.1.433,1.5364232836252092,0.146870774393946,700
B.1.351.3,1.530869975164858,0.11872223649585951,701
B.1.351.2,1.5276730346193528,0.11801926368112209,702
P.3,1.525105843395648,0.16565521546295173,703
B.1.1,1.5136797360059,0.8501955811286164,704
B.1.630,1.4834237827932175,0.18614005872215708,705
AT.1,1.4727953742022228,0.14193183709141438,706
B.1.575,1.4646144743255622,0.12131157209966055,707
B.1.575.1,1.4533523547987794,0.11220613590222783,708
C.39,1.450931724509436,0.13006170160892308,709
B.1.626,1.4331119227820004,0.17178592374781315,710
B.1.627,1.4255516457592807,0.13794986878697588,711
P.4,1.4162675515570669,0.1348418797735748,712
B.1.623,1.4135834491489438,0.13066496062234573,713
C.40,1.4079857126264237,0.1235458267812922,714
B.1.1.374,1.4009981591429208,0.10902088138113107,715
B.1.529,1.3802529551103535,0.12767076348151013,716
R.1,1.367979918408532,0.1088885812001098,717
B.1.1.487,1.3653901510502149,0.10435379949378581,718
C.16,1.363779228163858,0.10457803141002492,719
L.3,1.3632871242279812,0.10719787586560409,720
B.11,1.359643023967556,0.09783668396195619,721
P.6,1.3439085120601553,0.16030608964351314,722
B.1.243.1,1.3374202975454863,0.17045434602527543,723
B.1.636,1.332361987876917,0.14143862846771185,724
B.1.1.528,1.3206763925227951,0.2059736804408022,725
B.1.1.519,1.3116032633100942,0.10403470234144443,726
AW.1,1.3082124293685655,0.13410735975991833,727
AV.1,1.3065129568832683,0.14894917474367944,728
B.1.1.45,1.2792510189080104,0.13598472496900735,729
P.5,1.268160296507692,0.14200724370650447,730
B.1.429.1,1.2666754225004393,0.12372818266707031,731
B.1.563,1.266548846627971,0.13079134723757752,732
B.6.2,1.252182360763174,0.060693039446168696,733
B.6.8,1.2517804275821092,0.059794036817957974,734
B.6.3,1.2516993241275374,0.05919205351128124,735
B.6.5,1.251673530375084,0.058280453949454886,736
B.6.1,1.251673530375084,0.058280453949454886,737
B.6.4,1.2516699270988272,0.05984892960012849,738
B.6.6,1.2516699270988272,0.05984892960012849,739
B.1.177.88,1.2491548429532269,0.12698020168465282,740
B.1.549,1.2469193994327212,0.11206235198693347,741
N.9,1.2458585982290786,0.1274384897824978,742
B.1.1.393,1.2450395952685067,0.12896682275986365,743
B.1.1.525,1.2416975244666033,0.1975316038402829,744
B.1.429,1.2408226229735404,0.10497235732427053,745
B.1.427,1.2380660296613997,0.10400651347458333,746
B.1.438,1.2336771544825056,0.14162608019768025,747
AU.2,1.220580057787188,0.15550046979922671,748
AU.3,1.2187102615657752,0.15552114145620585,749
AP.1,1.2178239578287455,0.11483089723026212,750
B.1.1.483,1.2176467510496998,0.1612005525821911,751
B.1.1.136,1.211851803388006,0.10585010743582991,752
C.36,1.1967459914369505,0.12376320287174658,753
B.1.551,1.1955225918545809,0.14380659718302122,754
N.5,1.1942710726389452,0.12368014213980767,755
D.4,1.1920316110530702,0.1225691856254698,756
D.5,1.1907430306774556,0.12186611233742407,757
B.1.36.39,1.190685695474882,0.12049533153014988,758
C.17,1.190300385506756,0.27780699345561427,759
A.23.1,1.18796821010725,0.16129515399675987,760
B.1.639,1.186470158031102,0.13516369817862028,761
B.1,1.185355727611515,0.3964088627401915,762
B.1.474,1.1821506629767204,0.158471383196399,763
P.7,1.1755172761937125,0.1214592880932905,764
B.1.36.23,1.1704807639382393,0.11825064461644222,765
M.1,1.1677161702480805,0.13307283638683345,766
R.2,1.164081452030307,0.1353639712423258,767
B.1.618,1.1598126910132094,0.1303184770937408,768
B.1.603,1.1488398753521418,0.11434835082427491,769
B.1.438.1,1.145234749435529,0.13047581884188367,770
B.1.1.345,1.1424506548722528,0.12208897754138796,771
B.1.400.1,1.1394717608493867,0.12238157968996255,772
B.1.438.4,1.1381687442510997,0.14384870553958723,773
B.1.1.1,1.1289637710636693,0.3161369553013767,774
B.1.177.27,1.1273051925303643,0.12694387424734876,775
A.29,1.117174508925443,0.16132948263242397,776
AM.3,1.1144897821752258,0.12873001558070785,777
B.1.214.3,1.1115465755707823,0.16367533145695573,778
B.1.1.375,1.107399293523848,0.1262003286880962,779
C.1.1,1.1073060293877204,0.12600969994878317,780
B.1.438.2,1.106565253251127,0.10328312343022347,781
B.1.438.3,1.1063700184898566,0.10404445992817592,782
B.1.1.413,1.1021215618071905,0.12005622860585248,783
N.10,1.1000801515029708,0.2002945832479596,784
B.1.423,1.099631155921948,0.12370220748428086,785
B.1.404,1.098043916972093,0.11915100919207983,786
D.2,1.0967993249731431,0.11822171406555138,787
A.28,1.0878273767942048,0.1822583292719547,788
AM.4,1.0766583799187082,0.11569277591202065,789
AM.1,1.0765694856019703,0.11383737273702355,790
AB.1,1.0762473770644976,0.1227811728782709,791
B.1.539,1.0761004747187244,0.11273243546933047,792
B.1.177.78,1.07594226667394,0.1455451827643984,793
B.1.1.357,1.0749363832604293,0.11114684165407251,794
B.1.1.428,1.0748556560199647,0.11089628283867617,795
B.1.1.216,1.0748556560199647,0.11089628283867617,796
B.1.466.2,1.0747172384538108,0.19268166748828203,797
B.1.36.27,1.0733893965380192,0.11122356899963699,798
B.1.1.315,1.0725692325299134,0.11238852131721687,799
AM.2,1.0722223588496955,0.11515114163153639,800
AD.1,1.0716492730597942,0.11380487158788992,801
AD.2,1.0706853036727388,0.11325749843212042,802
AD.2.1,1.0706853036727388,0.11325749843212042,803
B.1.127,1.0654078770981272,0.15109460677437642,804
P.2,1.0642404295214103,0.1136991200326271,805
B.1.1.62,1.0498280720930078,0.13830506508546464,806
B.1.177.62,1.0456303921647283,0.10981407963842221,807
B.1.1.524,1.0399280361929364,0.1283986301808268,808
B.1.1.222,1.0394958431034556,0.1943273542152932,809
B.1.177.76,1.0339770440144551,0.10755015161674682,810
B.1.177.58,1.0292432672047265,0.1052117390753593,811
B.1.1.339,1.027446800824013,0.09600498285595457,812
B.1.177.28,1.0273778954736008,0.10398427210592993,813
B.1.177,1.0272809192029246,0.10376705440430818,814
B.1.177.26,1.026385891410836,0.10643392310006221,815
B.1.36.31,1.0245340132603336,0.10656842788126734,816
B.1.177.61,1.0245134913956755,0.10685582128073848,817
B.1.177.49,1.024022484744265,0.10330537182209272,818
B.1.177.82,1.0238667945336175,0.09981970297658113,819
B.1.177.45,1.0237441407932888,0.10216911526967389,820
Z.1,1.022748387293532,0.10050256065672504,821
B.1.177.44,1.0225285304618954,0.1003634958005589,822
B.1.177.89,1.0222181952729277,0.09887826649465578,823
B.1.177.87,1.0221322511001163,0.09889246964004106,824
B.1.177.18,1.0220769910436005,0.09958092023678415,825
B.1.177.83,1.021998010964882,0.09862316283920002,826
B.1.177.64,1.0218293255239903,0.1007400482157448,827
B.1.177.34,1.0213948718192585,0.09971211796844191,828
B.1.177.9,1.0212910453291275,0.10021697018329413,829
B.1.177.33,1.021281990431056,0.09996845478195177,830
B.1.177.80,1.021218675500899,0.10014022573514245,831
W.4,1.0210244465828746,0.0998154502820758,832
B.1.177.84,1.021014982492841,0.09893384254908683,833
B.1.177.74,1.020969860976502,0.10272587146013064,834
B.1.177.30,1.0209274042898333,0.10299571962823675,835
U.3,1.0209178750633194,0.09896822839897802,836
W.3,1.0208197802764916,0.09937940407965075,837
W.1,1.0207993345030342,0.09901682248000815,838
W.2,1.0207993345030342,0.09901682248000815,839
B.1.177.53,1.0207993345030342,0.09901682248000815,840
B.1.177.24,1.02074717853126,0.09919171160652814,841
U.1,1.0207383046914935,0.0988340435040852,842
B.1.177.60,1.0207089460531262,0.09864709186227663,843
B.1.177.12,1.0206719766207306,0.09939585161904972,844
B.1.177.47,1.0206392674311848,0.09841754668625546,845
B.1.177.65,1.0206391177064156,0.09840937328149542,846
B.1.177.7,1.0206391177064156,0.09840937328149542,847
B.1.177.59,1.0206391177064156,0.09840937328149542,848
B.1.177.8,1.0206391177064156,0.09840937328149542,849
B.1.177.48,1.0206391177064156,0.09840937328149542,850
U.2,1.0206349203946763,0.09994473028447858,851
B.1.177.67,1.0206333817478803,0.0986177629748589,852
B.1.177.5,1.02063234906168,0.10017702951475382,853
B.1.177.63,1.0206132679518698,0.09846788084274385,854
B.1.177.68,1.0205985680244145,0.09872644182142826,855
B.1.177.55,1.0205459799910563,0.09949943535753254,856
B.1.177.38,1.0205357601399527,0.09963962393549206,857
B.1.177.66,1.020524138972699,0.10003013113919816,858
B.1.177.37,1.0204951409292151,0.09949156817343494,859
B.1.177.81,1.0204534691067022,0.09875829615567046,860
B.1.177.16,1.0204280659546758,0.10011392518028564,861
B.1.177.19,1.020412713815985,0.09858421199873582,862
B.1.177.86,1.0203982706136738,0.09903279401269716,863
B.1.177.73,1.0203767445107643,0.09896102423369416,864
B.1.177.72,1.0203635694548852,0.09825236140644696,865
B.1.177.43,1.0203368713057486,0.09865112685136837,866
V.1,1.020336487301587,0.09875363852477527,867
B.1.177.54,1.020336487301587,0.09875363852477527,868
V.2,1.0203224046842667,0.09879103318972722,869
Y.1,1.0203140110207776,0.10213700703244004,870
B.1.177.71,1.02029749802921,0.09960826139139804,871
B.1.177.39,1.0202863917469087,0.09904595646269178,872
B.1.177.50,1.020281067697772,0.09843623984362469,873
B.1.177.75,1.0202641061919682,0.09828337245375031,874
B.1.177.35,1.0202641061919682,0.09828337245375031,875
B.1.177.36,1.0202641061919682,0.09828337245375031,876
B.1.177.4,1.0202641061919682,0.09828337245375031,877
B.1.177.3,1.0202641061919682,0.09828337245375031,878
B.1.177.40,1.0202641061919682,0.09828337245375031,879
B.1.177.42,1.0202540988848527,0.09844240433557631,880
B.1.177.17,1.0202538983686311,0.09900997454778529,881
B.1.177.10,1.02024396120232,0.09852144165362058,882
B.1.177.69,1.0202300298999094,0.0983503356180808,883
B.1.177.85,1.0202138799400184,0.09895770344610086,884
B.1.177.2,1.0202110577343255,0.09848017777097971,885
B.1.177.23,1.020205982409197,0.0995397670174503,886
B.1.177.32,1.0201889230964976,0.09860052060647265,887
B.1.177.21,1.0201759624910025,0.09869451888537692,888
B.1.177.52,1.0201549411684974,0.09850761531653546,889
B.1.177.77,1.0201483539799618,0.098559728850293,890
B.1.177.20,1.0201471975848992,0.09948569280120491,891
B.1.177.70,1.0200623689819823,0.10134897548647114,892
B.1.177.6,1.0199361029176437,0.10013302524449036,893
AA.8,1.0198084422001932,0.09976618025098268,894
B.1.177.25,1.019666486710258,0.09952629358865311,895
B.1.177.41,1.0195740733151142,0.09982445786554377,896
B.1.177.46,1.0193934640303453,0.09890917631427532,897
AA.5,1.0193518523439982,0.10012513740504761,898
AA.2,1.0193395655540816,0.09995773766872412,899
AA.4,1.0193395655540816,0.09995773766872412,900
AA.3,1.0193395655540816,0.09995773766872412,901
AA.1,1.019329905864958,0.09838132039023081,902
B.1.177.15,1.019329905864958,0.09838132039023081,903
AA.6,1.019174403347122,0.10024938894910736,904
B.1.177.29,1.0191656183985094,0.09971194824862477,905
B.1.1.98,1.018793601145804,0.18104794148062808,906
B.1.177.14,1.018567123975402,0.09918131019400975,907
AA.7,1.0168254146656563,0.1035584577455099,908
B.1.177.51,1.0145540949649052,0.10160513647027959,909
B.1.214.4,1.0141712850183984,0.14563761108258483,910
B.1.160.7,1.0131200973876702,0.18400915594030492,911
B.1.160.33,1.0131200973876702,0.18400915594030492,912
B.1.177.11,1.0125239496088916,0.10867649856956527,913
B.1.398,1.012335242608765,0.11840788806122925,914
B.1.1.317,1.0102062940182244,0.13917510183832363,915
B.13,1.0089679477686777,0.03843218920224838,916
B.1.1.385,1.0082965736249685,0.1309891759234102,917
B.4.8,1.007490588567537,0.052523875633112393,918
B.35,1.0060394958669412,0.022397816856259307,919
B.4.5,1.0044346874362389,0.02402712426162472,920
B.1.1.219,1.0035108456228052,0.1523603513817157,921
B.47,1.0020952457760413,0.020247060659073095,922
B.36,1.001780138921582,0.019618489165890894,923
B.31,1.0011320474561525,0.022678653700909705,924
AF.1,1.0011207918800624,0.12668674765483762,925
B.1.469,1.000927419437429,0.12015500577651703,926
B.52,1.0006318140968378,0.026911676150424425,927
B.4.2,1.0005051954449828,0.01244997679798923,928
B.28,1.00041250331312,0.010687007293159764,929
B.46,1.0000953160438004,0.01977082924016931,930
B.32,1.000058728179052,0.014093323916599421,931
B.39,1.0000332401382996,0.01831605325058314,932
B.58,1.0000332401382996,0.01831605325058314,933
B.3,1.000010028671218,0.014996279416769471,934
B.51,1.0000049476861026,0.004382141688866389,935
B.4.6,1.000000000000008,0.0,936
B.57,1.000000000000008,0.0,937
B.1.14,1.000000000000008,0.0,938
B.55,1.000000000000008,0.0,939
B.4,1.000000000000008,0.0,940
B.20,1.000000000000008,0.0,941
B.5,1.000000000000008,0.0,942
B.15,1.000000000000008,0.0,943
B.50,1.000000000000008,0.0,944
B.27,1.000000000000008,0.0,945
B.26,1.000000000000008,0.0,946
B.3.1,0.9999794128942848,0.020387515257227803,947
B.4.4,0.9999637650936956,0.01719093043550857,948
B.56,0.9999561922235496,0.0170485894287082,949
B.53,0.9999495295228544,0.0153473190952611,950
B.23,0.9999305141756848,0.013534914896944592,951
B.44,0.9999147220174932,0.015450764951470089,952
B.38,0.9999111307922084,0.014702431538976282,953
B.6,0.99990722976376,0.004195382323738174,954
B.42,0.9999036502748772,0.00658596950722843,955
B.37,0.9999036502748772,0.00658596950722843,956
B.29,0.9999036502748772,0.00658596950722843,957
B.33,0.9999036502748772,0.00658596950722843,958
B.61,0.9999036502748772,0.00658596950722843,959
B.34,0.9999036502748772,0.00658596950722843,960
B.43,0.9998871110361592,0.014613907433988578,961
B.30,0.9998451989416096,0.013573536580796363,962
B.10,0.9997326330358602,0.016002045676864134,963
B.60,0.9996612122798292,0.01668721846667263,964
B.41,0.9996535599591962,0.016894389703423503,965
B.40,0.9996469113405636,0.015887218305336136,966
B.18,0.9991662153391848,0.011904677058934927,967
B.19,0.9988544543520363,0.012538217044734738,968
B.12,0.9986983010399232,0.008765684588858694,969
B.45,0.9986983010399232,0.008765684588858694,970
B.4.1,0.9982235739543038,0.018046372430933676,971
B.4.7,0.9981914838627934,0.02343201043042996,972
B.1.221.4,0.9958174016106374,0.10689532066741456,973
B.1.221.3,0.9957593215145466,0.1053407962853838,974
B.1.1.416,0.9956074417922378,0.12803132472173087,975
B.1.221,0.9954828895658957,0.10504014367062219,976
B.1.221.2,0.9953353681530768,0.10487628835607708,977
B.1.221.1,0.9949940319689692,0.1049859983886128,978
B.1.382,0.9945457762391412,0.10498585016109079,979
A.2.2,0.9896763251097987,0.12667932326697207,980
B.1.1.305,0.9878848530001092,0.11930236020360294,981
B.1.258.23,0.9857805433524988,0.12161240881983662,982
B.1.1.56,0.9774273345395728,0.13979415988257585,983
B.1.1.191,0.9771807344181874,0.14016821804264432,984
B.1.1.421,0.9771421212682686,0.1397477311987072,985
B.1.1.123,0.976735036760191,0.14051903486869377,986
B.1.530,0.9729717076263036,0.1086231968574134,987
B.1.1.526,0.9717220072409376,0.11566913348399832,988
B.1.1.338,0.9681958352881204,0.10464395995687999,989
B.1.1.384,0.967710935034806,0.11762213567528755,990
B.1.1.351,0.9674385303566844,0.11040401142385387,991
B.1.1.522,0.9662814033738512,0.10773520271023643,992
B.1.1.207,0.965314121392656,0.10387903482238715,993
B.1.1.401,0.9652973271043211,0.11845416827975389,994
B.1.1.336,0.9651853164965007,0.10383781943405308,995
B.1.243,0.9637132725189005,0.11376853120596522,996
B.1.1.63,0.9620423240425839,0.1275789817418348,997
B.1.36.9,0.9587301954993216,0.11525417873310374,998
B.1.36,0.9571405891190624,0.11917677249199422,999
B.1.1.158,0.9566866097800996,0.12556204409392274,1000
B.1.1.111,0.9555226715040154,0.11089798084891074,1001
B.1.1.458,0.9553860419132156,0.11041555085645491,1002
B.1.616,0.9531427678822892,0.19688444838107594,1003
C.36.2,0.9527075406004714,0.11999050873898716,1004
C.36.1,0.9516667352173912,0.1180269331565679,1005
B.1.1.214,0.9513907981170568,0.1140214630370012,1006
B.1.2,0.9509466272660544,0.10931109061780887,1007
B.1.1.486,0.9502371711543128,0.11750167803883156,1008
B.1.88.1,0.948540887262686,0.11058169753809002,1009
AL.1,0.9446898146892664,0.10743958718533321,1010
B.1.409,0.943239754819654,0.10507440838010866,1011
B,0.9429405412412437,0.08701311762347609,1012
B.1.214.1,0.940882627603576,0.11037955001126354,1013
B.1.1.316,0.9389328811660944,0.10994088347008239,1014
B.1.524,0.9384459500420396,0.1056045187255608,1015
B.1.622,0.9379408942438244,0.11766069794479153,1016
B.1.36.29,0.9372431032386196,0.11889020079415126,1017
B.1.1.397,0.9363394492725998,0.10330449723094869,1018
B.1.416.1,0.9362793496271647,0.11383000327014581,1019
B.1.407,0.9362162874233328,0.10770232815765556,1020
AQ.2,0.936059169691539,0.11680141597589862,1021
B.1.416,0.9359177020672346,0.11422144176222511,1022
B.1.641,0.9358423714714912,0.14415057068391415,1023
B.1.214,0.9352233242265824,0.10823166380015956,1024
B.1.1.202,0.9348158934779608,0.10470373578258278,1025
B.1.460,0.9346336603193082,0.10165056953672354,1026
B.1.1.86,0.93417890018586,0.10203833264289082,1027
B.1.1.256,0.9333021301757431,0.09900577686150101,1028
B.1.561,0.933270646986184,0.09881908716179631,1029
S.1,0.9330630581788794,0.10393140932468506,1030
B.1.523,0.9329273107696098,0.0990957056784762,1031
C.23,0.9328161540178675,0.09941527567658143,1032
AU.1,0.9321276582598428,0.10343193296381598,1033
B.1.466.1,0.9305731240151192,0.10092852491934945,1034
B.1.596,0.9298969750686946,0.09633375709346467,1035
B.1.1.518,0.9298088751981324,0.10196843132045172,1036
B.1.36.2,0.9292770969969808,0.10184087466271936,1037
B.1.442,0.9289571135496164,0.09575047798639098,1038
B.1.160.26,0.9288977431237108,0.11054470911468585,1039
B.1.165,0.9284411178205204,0.09386142285831629,1040
B.1.1.394,0.9282709748503248,0.1013546885775918,1041
B.1.131,0.9276825751629528,0.09804317403501908,1042
B.1.36.19,0.927655414589543,0.09550218267413542,1043
B.1.1.425,0.9275515425334928,0.1039258853163074,1044
B.1.160.9,0.9270591094267306,0.10854790563471305,1045
B.1.421,0.9270409617306375,0.09717486997444165,1046
B.1.1.272,0.9269733792563698,0.10353656905088564,1047
B.1.466,0.9269034287041792,0.10189781983345796,1048
B.1.1.406,0.9268039695473624,0.1010413828969105,1049
B.1.1.286,0.9265822613345174,0.1036473423330825,1050
B.1.160.30,0.925947281736756,0.1052708541101369,1051
B.1.1.159,0.9255456931820364,0.10379802816794215,1052
B.1.1.261,0.9255022638935976,0.0978739863895025,1053
B.1.1.249,0.925497224783743,0.0959018963099997,1054
B.1.280,0.9253693346920782,0.09661526893126046,1055
B.1.463,0.9252178549115584,0.10121033996486085,1056
B.1.1.176,0.9252114336358209,0.10214472584240569,1057
AK.2,0.9248480131706718,0.10350020991769188,1058
B.1.252,0.924626109556367,0.09457063340987779,1059
B.1.459,0.9243726028737737,0.09498670170922358,1060
B.1.1.333,0.924331710505898,0.10103211122623695,1061
B.1.399,0.9242877206994156,0.09652370669721597,1062
B.1.1.446,0.9241992817938892,0.09843771961970453,1063
B.1.531,0.9238570048438692,0.09473408376578431,1064
B.1.1.161,0.9238235423919982,0.0928645314160032,1065
B.1.205,0.9236483726384762,0.09736002597092028,1066
L.1,0.9236167048412816,0.09755225813263378,1067
B.1.1.348,0.923592427796028,0.09701693080156597,1068
B.1.1.420,0.9231597596984312,0.09607825574373476,1069
B.1.468,0.9231260953851408,0.09841766856077111,1070
B.1.1.16,0.9230113550183576,0.09540265847731266,1071
B.1.1.418,0.92293351928852,0.09716998845022716,1072
B.1.536,0.9227420673886452,0.10147680512857407,1073
B.1.96,0.9227316888173988,0.09599053382407906,1074
B.1.140,0.9227243224372444,0.09595327971125066,1075
B.1.1.341,0.9226761489178812,0.09791814035272198,1076
B.1.97,0.9226451707027375,0.0981735964805347,1077
B.1.160.12,0.9224736679028246,0.10688246384551636,1078
B.1.1.51,0.9223902785952364,0.09587763842980523,1079
B.1.1.349,0.9223422125925046,0.0966270883082979,1080
C.19,0.9222278351945002,0.09980958702708127,1081
B.1.1.234,0.9222102748902966,0.09398370844271253,1082
B.1.1.366,0.922168812966209,0.09647340869423976,1083
B.1.1.465,0.9221369941663942,0.09632770718531507,1084
C.2.1,0.922057101227662,0.09751751811964349,1085
AS.2,0.9220095824287338,0.09687286456315901,1086
C.28,0.9219967481725256,0.09387448513398892,1087
B.1.1.226,0.9219475252683004,0.09571069060598775,1088
B.1.1.205,0.92191703135139,0.09666231292900584,1089
B.1.543,0.9217481756560416,0.09817023283484394,1090
B.1.1.144,0.9217302887914134,0.10011207014877627,1091
B.1.189,0.9216067714525024,0.09603014668932039,1092
B.1.1.152,0.9215741323742462,0.09667155909203129,1093
B.1.1.178,0.921561481911872,0.09636268211606838,1094
B.1.1.174,0.9215213906501968,0.09594353804488912,1095
B.1.1.130,0.9215016409794796,0.09714414471309477,1096
B.1.1.240,0.9214400378220404,0.0963883642489744,1097
AJ.1,0.921424759988024,0.09672113755762708,1098
B.1.170,0.9213690386770468,0.09326644566289032,1099
B.1.218,0.9212453238913116,0.09827724472368729,1100
C.31,0.9212451999955208,0.09721415044007652,1101
B.1.1.400,0.9212393922526604,0.09627088439557868,1102
B.1.1.408,0.92123463278073,0.09462845165929498,1103
B.1.1.407,0.92123463278073,0.09462845165929498,1104
B.1.1.453,0.92119528843179,0.09814511884029473,1105
B.1.139,0.9211596141462436,0.09335807968866752,1106
B.1.1.296,0.921139073312535,0.09557210741104477,1107
B.1.1.186,0.9210384086559764,0.09399920214589326,1108
B.1.550,0.92101388951866,0.09770160359600849,1109
B.1.1.414,0.9210120638708053,0.09346097486027335,1110
B.1.36.7,0.9210113798154356,0.09755485849572193,1111
B.1.1.282,0.920984841446571,0.09317513162657745,1112
B.1.1.119,0.920984841446571,0.09317513162657745,1113
B.1.1.355,0.920984841446571,0.09317513162657745,1114
B.1.1.90,0.9209725314434544,0.09565623685015764,1115
B.1.77,0.920917242931354,0.09570142631435061,1116
B.1.146,0.92091515719616,0.09618736371393519,1117
B.1.1.194,0.9208674177628764,0.0948254855230125,1118
B.1.258.17,0.9208400847519064,0.09943690188302313,1119
AK.1,0.9208245642640724,0.09620657406535921,1120
B.1.282,0.920817338350122,0.09680069707073166,1121
B.1.565,0.9207759233539826,0.09390967287970887,1122
B.1.1.449,0.9207365948865012,0.09649526839710146,1123
B.1.1.329,0.9207231069802004,0.09361029763519134,1124
B.1.1.431,0.9207141399112948,0.0968544564848103,1125
B.1.190,0.9206690574776446,0.0953406624785821,1126
B.1.6,0.9206543451403828,0.0937837364909376,1127
B.1.84,0.9206543451403828,0.0937837364909376,1128
C.29,0.9206463501629848,0.09594456035214241,1129
B.1.1.97,0.920573539590225,0.09537009588637858,1130
B.1.1.327,0.9205730461964526,0.09616004587905698,1131
B.1.1.371,0.9205695985189531,0.09566114392435182,1132
AS.1,0.9205549171501513,0.09490277384767573,1133
B.1.1.427,0.9205513879841364,0.10000027137372558,1134
B.1.1.141,0.9205434199665288,0.09518759402417298,1135
B.1.1.422,0.9205281297232986,0.09580136035932946,1136
B.1.279,0.9205280423020312,0.098398797614344,1137
B.1.1.29,0.9205206451207072,0.09540414523163072,1138
C.30.1,0.9205199909817716,0.09608996027754306,1139
C.30,0.9205199909817716,0.09608996027754306,1140
B.1.1.388,0.9204642530010876,0.09707919379588016,1141
B.1.1.67,0.9204373582078428,0.09543059033952177,1142
B.1.1.373,0.9204186176437984,0.09520153130324499,1143
B.1.436,0.9204033755653976,0.09521886566372047,1144
B.1.377,0.9203808958144274,0.09433102183285969,1145
B.1.609,0.9203694891339149,0.09541607913930623,1146
B.1.1.57,0.9203631946531948,0.09474598902207612,1147
B.1.552,0.9203553231461412,0.09601836829457391,1148
B.1.393,0.9203494842404508,0.09542663233387219,1149
B.1.390,0.9203194064983078,0.09391286778827342,1150
B.1.213,0.9203170099012384,0.0964418390625064,1151
B.1.13,0.9203139205367784,0.09620824286710723,1152
B.1.1.415,0.9203093336788768,0.09596531722431485,1153
B.1.1.122,0.9202975076803784,0.09397263717584045,1154
B.1.113,0.920259835202932,0.09494782374941295,1155
B.1.1.434,0.9202482403292702,0.09534333883476062,1156
B.1.1.298,0.9202403238483498,0.09468586866961497,1157
B.1.1.354,0.9202222272353128,0.09398836147880642,1158
B.1.1.467,0.920211988669882,0.09785766793256362,1159
AQ.1,0.9201978757515734,0.09530470199778039,1160
B.1.1.39,0.9201978757515734,0.09530470199778039,1161
B.1.1.303,0.9201850280199454,0.09727807016913143,1162
B.1.258.16,0.9201784885355816,0.09630026071991096,1163
B.1.482,0.9201705210821928,0.09832860354994741,1164
B.1.258.5,0.9201676476234836,0.09882851019034651,1165
C.2,0.9201598057015048,0.09557463862839323,1166
B.1.1.387,0.9201592386166156,0.09431917758009443,1167
B.1.1.134,0.9201480915106618,0.09406862929490435,1168
B.1.128,0.9201286986967664,0.09679385936410974,1169
B.1.1.358,0.9201074995181008,0.09452985788358312,1170
B.1.1.323,0.9200886029387364,0.09696695758340745,1171
B.1.458,0.920082315684432,0.0968820817318511,1172
B.1.1.257,0.9200735835852984,0.09517420557343167,1173
B.1.1.142,0.9200735835852984,0.09517420557343167,1174
B.1.1.288,0.9200704658595324,0.09584443303433642,1175
B.1.1.429,0.9200677848179608,0.09569031413887524,1176
B.1.36.22,0.9200597949289164,0.09393718186435344,1177
B.1.1.132,0.9200487892476468,0.09505946737864665,1178
B.1.1.297,0.9200425561226732,0.09505273037799397,1179
AG.1,0.9200425561226732,0.09505273037799397,1180
B.1.250,0.9200419044990572,0.09445105276133302,1181
B.1.1.322,0.9200363290465308,0.09437015305254552,1182
B.1.1.17,0.9200282908578976,0.09546267316147992,1183
B.1.546,0.920015360103069,0.09541262644193917,1184
B.1.1.506,0.92001425646552,0.09739358742775607,1185
B.1.160.19,0.9200138497862888,0.10484665607511028,1186
B.1.270,0.9200043698707324,0.09398348261219,1187
B.1.378,0.9200028490284734,0.09375224974421457,1188
B.1.470,0.9199932089978072,0.09422432780593339,1189
B.1.1.444,0.9199907969740664,0.095331586707689,1190
B.1.1.352,0.919981907625706,0.09712275262113665,1191
B.1.1.381,0.9199524068568584,0.09520732707396716,1192
B.1.1.302,0.919950598088394,0.09635999361808557,1193
B.1.1.193,0.9199289709169136,0.09677420445786193,1194
B.1.1.330,0.9199213757784932,0.09487634128978854,1195
B.1.1.232,0.9199126773954708,0.09421220587100607,1196
B.1.225,0.9199102212520928,0.0959247278302018,1197
B.1.1.242,0.9199068146266826,0.09465919232676943,1198
B.1.1.217,0.919901637882498,0.09430282125940227,1199
B.1.1.153,0.919895830737318,0.09518529191195134,1200
B.1.1.324,0.9198890282367368,0.09469633179296556,1201
B.1.1.480,0.9198863246358366,0.09584556132033714,1202
B.1.251,0.919884856943532,0.09454633115041473,1203
B.1.1.117,0.9198838997670338,0.09427566305574832,1204
B.1.1.417,0.9198824856935908,0.09523710171762259,1205
B.1.206,0.9198707083295872,0.09425228533172114,1206
B.1.545,0.9198705265203432,0.09395014893751256,1207
B.1.380,0.9198699449567076,0.0954972388943855,1208
B.1.1.210,0.9198693218960636,0.09442364127746533,1209
C.4,0.9198680228935996,0.09415109608104764,1210
B.1.385,0.9198589228005724,0.09590752066172872,1211
B.1.248,0.919858153845596,0.09427367623819746,1212
B.1.1.157,0.9198462455190232,0.09607048310512557,1213
B.1.1.395,0.9198459559945784,0.09512645635599307,1214
B.1.182,0.9198445948848408,0.09447132855354401,1215
B.1.124,0.91984011014499,0.09432465908519636,1216
B.1.1.512,0.9198400397150972,0.09530623439373961,1217
B.1.1.116,0.9198236822267388,0.09415412375791614,1218
B.1.1.225,0.9198204702298362,0.0945580511023877,1219
K.3,0.9198180089576404,0.09541572380128686,1220
B.1.600,0.91981675611007,0.09405028084710614,1221
B.1.219,0.9198160928299888,0.09484345223849881,1222
B.1.137,0.9198115926562944,0.09488677023849096,1223
B.1.256,0.9198114533692038,0.09486942175152557,1224
B.1.1.168,0.9198095211768248,0.0942828342411011,1225
AN.1,0.9198054807317836,0.09714809012696314,1226
B.1.1.462,0.9198012147054748,0.09425328700588169,1227
B.1.1.360,0.9197998943951284,0.0957731951466774,1228
B.1.222,0.9197981483760572,0.09420003628182638,1229
B.1.83,0.9197974135966576,0.09433388834623277,1230
B.1.223,0.9197930550693204,0.094478299894136,1231
B.1.70,0.919789615260444,0.09551700101531395,1232
B.1.91,0.9197867692715892,0.0939580582321843,1233
B.1.1.4,0.919784465419565,0.09430627297640419,1234
B.1.528,0.9197837712241804,0.09463341691749799,1235
B.1.198,0.9197762489745256,0.09409426093670065,1236
B.1.194,0.9197709305135916,0.0958422243435847,1237
B.1.388,0.919770808206429,0.09488169350072553,1238
B.1.9.1,0.9197660141246224,0.09402665962753522,1239
B.1.383,0.9197655935259073,0.09380180691973439,1240
B.1.1.87,0.919764920219496,0.09570157597542238,1241
C.20,0.9197648842671732,0.0956054438932681,1242
C.18,0.9197648842671732,0.0956054438932681,1243
B.1.387,0.919763841008908,0.09405684497646186,1244
B.1.1.229,0.9197623915173624,0.09503714955616067,1245
B.1.211,0.9197623110547204,0.09414611077075323,1246
B.1.1.343,0.9197609060652208,0.09512763457151345,1247
B.1.1.224,0.9197599138009752,0.09486929645678036,1248
B.1.151,0.9197598958715356,0.09461560177504821,1249
B.1.162,0.9197590830095972,0.09438657902829915,1250
B.1.557,0.919758114130283,0.09431854641513555,1251
B.1.1.204,0.9197557675058076,0.09496030927287095,1252
B.1.9.3,0.9197553850726572,0.09488534869593253,1253
B.1.254,0.9197553516856496,0.09595658408441472,1254
B.1.201,0.9197544639881546,0.0942963575189005,1255
B.1.69,0.9197497863444476,0.09379309854337742,1256
B.1.76,0.9197497863444476,0.09379309854337742,1257
B.1.178,0.9197497863444476,0.09379309854337742,1258
B.1.535,0.9197497863444476,0.09379309854337742,1259
B.1.23,0.9197497863444476,0.09379309854337742,1260
B.1.143,0.9197497863444476,0.09379309854337742,1261
B.1.187,0.9197497863444476,0.09379309854337742,1262
B.1.180,0.9197497863444476,0.09379309854337742,1263
B.1.220,0.9197497863444476,0.09379309854337742,1264
B.1.134,0.9197497863444476,0.09379309854337742,1265
B.1.78,0.9197497863444476,0.09379309854337742,1266
B.1.8,0.9197497863444476,0.09379309854337742,1267
B.1.210,0.9197497863444476,0.09379309854337742,1268
B.1.420,0.9197497863444476,0.09379309854337742,1269
B.1.142,0.9197497863444476,0.09379309854337742,1270
B.1.192,0.9197497863444476,0.09379309854337742,1271
B.1.542,0.9197497863444476,0.09379309854337742,1272
B.1.384,0.9197497863444476,0.09379309854337742,1273
B.1.81,0.9197497863444476,0.09379309854337742,1274
B.1.106,0.9197497863444476,0.09379309854337742,1275
B.1.195,0.9197497863444476,0.09379309854337742,1276
B.1.67,0.9197497863444476,0.09379309854337742,1277
B.1.179,0.9197497863444476,0.09379309854337742,1278
B.1.212,0.9197497863444476,0.09379309854337742,1279
B.1.415,0.9197497863444476,0.09379309854337742,1280
B.1.147,0.9197494909810364,0.09414931334292478,1281
B.1.1.147,0.9197451289239876,0.09542724698552489,1282
B.1.555,0.9197449673031504,0.09383880198563468,1283
B.1.1.426,0.919743175593149,0.09458752745193169,1284
B.1.145,0.9197428019222004,0.09500582245196675,1285
B.1.153,0.919739133156138,0.09383435529801591,1286
B.1.1.517,0.919737558753238,0.09460473502131611,1287
B.1.1.58,0.919736577331098,0.09420156002784025,1288
B.1.1.270,0.919734555465185,0.09542640399342306,1289
B.1.157,0.9197322112982348,0.09394236238199592,1290
B.1.1.107,0.919728570372018,0.09477840505999321,1291
B.1.540,0.9197261922885028,0.09409353714138081,1292
B.1.1.72,0.9197232525501348,0.09431924558558098,1293
B.1.258.10,0.919722911003486,0.0949003640788146,1294
B.1.1.515,0.9197221646677628,0.09609688144730741,1295
B.1.479,0.9197211414601068,0.09563227346028594,1296
B.1.532,0.919720437379594,0.09462563456546032,1297
B.1.379,0.9197200429863094,0.09457602756941254,1298
B.1.1.77,0.9197172631376652,0.09449922980229847,1299
B.1.1.243,0.9197146284783532,0.09484180105224299,1300
B.1.181,0.919714283272837,0.09417464438071489,1301
B.1.1.129,0.9197142422373608,0.09408822304414315,1302
B.1.9.4,0.9197122617519328,0.09405163288558754,1303
B.1.418,0.9197110907831212,0.0943180011206991,1304
B.1.249,0.9197110131349048,0.0949075720684402,1305
B.1.478,0.9197056787868692,0.0947476616020533,1306
B.1.1.436,0.9197045201558472,0.09542790724112121,1307
B.1.1.197,0.91970375465694,0.09424982810452967,1308
B.1.1.137,0.9197021052125602,0.0953703653882177,1309
B.1.1.187,0.9197020183018138,0.09415680156969188,1310
B.1.1.145,0.9196997546878368,0.09535589069963446,1311
B.1.1.177,0.9196964199373152,0.09470448901540277,1312
B.1.1.402,0.9196964199373152,0.09470448901540277,1313
B.1.1.50,0.9196958758063294,0.09455280116030192,1314
B.1.1.149,0.9196957431607684,0.0951681123274181,1315
B.1.112,0.9196954030218824,0.09499565319950178,1316
B.1.1.253,0.9196952125721546,0.0939471252881866,1317
B.1.1.53,0.9196938255975516,0.09458351664252296,1318
B.1.559,0.9196935340839596,0.09404402423372192,1319
B.1.1.47,0.9196931347548216,0.09403668371660398,1320
B.1.1.359,0.919692105726424,0.09444148792456102,1321
B.1.164,0.9196910273693176,0.09547046846232136,1322
K.2,0.9196907344805936,0.09458205237503693,1323
B.1.276,0.9196902301461064,0.09387689292552714,1324
B.1.9.5,0.9196902301461064,0.09387689292552714,1325
B.1.245,0.9196902301461064,0.09387689292552714,1326
B.1.111,0.9196902301461064,0.09387689292552714,1327
B.1.9,0.9196902301461064,0.09387689292552714,1328
B.1.462,0.9196902301461064,0.09387689292552714,1329
B.1.161,0.9196902301461064,0.09387689292552714,1330
B.1.473,0.9196902301461064,0.09387689292552714,1331
B.1.37,0.9196902301461064,0.09387689292552714,1332
B.1.158,0.9196902301461064,0.09387689292552714,1333
B.1.277,0.9196902301461064,0.09387689292552714,1334
B.1.483,0.9196902301461064,0.09387689292552714,1335
B.1.471,0.9196902301461064,0.09387689292552714,1336
B.1.465,0.9196902301461064,0.09387689292552714,1337
B.1.110,0.9196902301461064,0.09387689292552714,1338
B.1.9.2,0.9196902301461064,0.09387689292552714,1339
B.1.439,0.9196902301461064,0.09387689292552714,1340
B.1.1.435,0.9196897875821994,0.09562295858526822,1341
B.1.110.1,0.9196868228883373,0.09511416850864286,1342
B.1.203,0.9196852459186012,0.09528831362255795,1343
B.1.1.268,0.9196811682984448,0.09490763979329273,1344
B.1.1.403,0.919680915870055,0.0960922827571893,1345
B.1.1.311,0.9196794190611562,0.0942274803960296,1346
B.1.1.350,0.9196762706866032,0.09473794293066203,1347
B.1.215,0.919673909912683,0.09528449303223101,1348
B.1.22,0.9196724077133568,0.0949515781096216,1349
B.1.1.171,0.9196711572611396,0.09398669567691186,1350
B.1.104,0.9196702653913108,0.09410185273987638,1351
B.1.1.441,0.9196663717632414,0.09415423665094423,1352
B.1.547,0.9196660632059582,0.09450417753679462,1353
B.1.1.138,0.9196659854527368,0.09444004003223189,1354
B.1.110.2,0.9196650438003828,0.09538426633621502,1355
B.1.208,0.919663626687193,0.09424082803083383,1356
B.1.1.450,0.9196631726444876,0.09661940391276116,1357
B.1.1.376,0.9196599734616148,0.09390642114580672,1358
B.1.1.516,0.91965942611859,0.09409077407356654,1359
B.1.1.346,0.9196591123550966,0.094365871600078,1360
B.1.1.75,0.9196589923111634,0.09426921470431429,1361
B.1.1.459,0.9196589923111634,0.09426921470431429,1362
B.1.1.396,0.9196588400754352,0.09387710726377471,1363
B.1.1.280,0.9196588400754352,0.09387710726377471,1364
B.1.1.452,0.9196588400754352,0.09387710726377471,1365
B.1.1.481,0.9196587799650948,0.09461318540867132,1366
B.1.1.312,0.9196575715686915,0.09591152440049373,1367
B.1.1.89,0.9196571969587718,0.0938748577112687,1368
B.1.1.342,0.919656998666421,0.09431276640993164,1369
B.1.1.404,0.9196567305642124,0.09407900333102047,1370
B.1.1.383,0.9196562616928476,0.09443713784188441,1371
B.1.1.482,0.9196535932104228,0.09387333308534411,1372
B.1.1.181,0.9196526070814564,0.09386809884668203,1373
B.1.1.244,0.9196526070814564,0.09386809884668203,1374
B.1.1.37,0.9196526070814564,0.09386809884668203,1375
B.1.1.391,0.9196526070814564,0.09386809884668203,1376
B.1.1.356,0.9196526070814564,0.09386809884668203,1377
B.1.1.59,0.9196526070814564,0.09386809884668203,1378
B.1.1.92,0.9196526070814564,0.09386809884668203,1379
B.1.1.367,0.9196526070814564,0.09386809884668203,1380
B.1.1.180,0.9196526070814564,0.09386809884668203,1381
B.1.1.440,0.9196526070814564,0.09386809884668203,1382
B.1.1.464,0.9196526070814564,0.09386809884668203,1383
B.1.1.12,0.9196526070814564,0.09386809884668203,1384
B.1.1.189,0.9196526070814564,0.09386809884668203,1385
B.1.1.110,0.9196526070814564,0.09386809884668203,1386
B.1.1.378,0.9196526070814564,0.09386809884668203,1387
B.1.1.127,0.9196526070814564,0.09386809884668203,1388
B.1.1.91,0.9196526070814564,0.09386809884668203,1389
B.1.1.201,0.9196526070814564,0.09386809884668203,1390
B.1.1.213,0.9196526070814564,0.09386809884668203,1391
B.1.1.172,0.9196526070814564,0.09386809884668203,1392
B.1.1.438,0.9196526070814564,0.09386809884668203,1393
B.1.1.121,0.9196526070814564,0.09386809884668203,1394
B.1.1.192,0.9196526070814564,0.09386809884668203,1395
B.1.1.208,0.9196526070814564,0.09386809884668203,1396
B.1.1.485,0.9196526070814564,0.09386809884668203,1397
B.1.1.500,0.9196526070814564,0.09386809884668203,1398
B.1.1.71,0.9196526070814564,0.09386809884668203,1399
B.1.1.164,0.9196526070814564,0.09386809884668203,1400
B.1.1.83,0.9196526070814564,0.09386809884668203,1401
B.1.1.290,0.9196526070814564,0.09386809884668203,1402
B.1.560,0.9196526070814564,0.09386809884668203,1403
B.1.1.115,0.9196526070814564,0.09386809884668203,1404
B.1.1.285,0.9196526070814564,0.09386809884668203,1405
B.1.1.48,0.9196526070814564,0.09386809884668203,1406
B.1.1.5,0.9196526070814564,0.09386809884668203,1407
B.1.1.320,0.9196526070814564,0.09386809884668203,1408
B.1.1.398,0.9196526070814564,0.09386809884668203,1409
B.1.1.82,0.9196526070814564,0.09386809884668203,1410
B.1.1.155,0.9196526070814564,0.09386809884668203,1411
B.1.1.331,0.9196526070814564,0.09386809884668203,1412
B.1.1.221,0.9196526070814564,0.09386809884668203,1413
B.1.1.432,0.9196526070814564,0.09386809884668203,1414
B.1.1.125,0.9196526070814564,0.09386809884668203,1415
B.1.1.239,0.9196526070814564,0.09386809884668203,1416
B.1.1.442,0.9196526070814564,0.09386809884668203,1417
B.1.1.112,0.9196526070814564,0.09386809884668203,1418
B.1.1.309,0.9196526070814564,0.09386809884668203,1419
B.1.173,0.9196526070814564,0.09386809884668203,1420
B.1.1.13,0.9196526070814564,0.09386809884668203,1421
B.1.1.437,0.9196526070814564,0.09386809884668203,1422
B.1.1.139,0.9196526070814564,0.09386809884668203,1423
B.1.1.424,0.9196526070814564,0.09386809884668203,1424
B.1.1.169,0.9196526070814564,0.09386809884668203,1425
B.1.1.447,0.9196526070814564,0.09386809884668203,1426
B.1.1.203,0.9196526070814564,0.09386809884668203,1427
B.1.1.109,0.9196526070814564,0.09386809884668203,1428
B.1.1.43,0.9196526070814564,0.09386809884668203,1429
B.1.1.209,0.9196526070814564,0.09386809884668203,1430
B.1.1.198,0.9196526070814564,0.09386809884668203,1431
B.1.1.166,0.9196526070814564,0.09386809884668203,1432
B.1.1.95,0.9196526070814564,0.09386809884668203,1433
B.1.1.163,0.9196526070814564,0.09386809884668203,1434
B.1.1.10,0.9196526070814564,0.09386809884668203,1435
B.1.1.325,0.9196526070814564,0.09386809884668203,1436
B.1.1.220,0.9196526070814564,0.09386809884668203,1437
B.1.1.463,0.9196526070814564,0.09386809884668203,1438
L.2,0.9196526070814564,0.09386809884668203,1439
B.59,0.9196511543409372,0.09387258102968686,1440
B.1.1.148,0.919649950647082,0.0942190972993393,1441
B.1.1.328,0.9196498589213716,0.09419897013879719,1442
B.1.1.386,0.9196480397127764,0.09413868107471376,1443
B.1.1.364,0.9196469799373884,0.09520658621173428,1444
L.4,0.9196466328646642,0.0943921589369012,1445
B.1.1.380,0.9196462325518456,0.09416464926925967,1446
B.1.1.251,0.9196461000807488,0.09386967418017238,1447
B.1.1.26,0.9196456264455642,0.09398443463363815,1448
B.1.1.113,0.9196448228062938,0.09395435053681167,1449
B.1.1.227,0.9196444473301788,0.09402470659698084,1450
B.1.1.154,0.9196444006923772,0.09390994047182279,1451
B.1.1.362,0.9196439113114752,0.0941396273807445,1452
B.1.1.365,0.9196426783471404,0.09484264795310741,1453
B.1.1.254,0.9196408557525056,0.09386838328058716,1454
B.1.1.507,0.9196408557525056,0.09386838328058716,1455
B.1.1.448,0.9196406716479084,0.09505873344091262,1456
B.1.1.114,0.919639872913263,0.09418821253028058,1457
B.1.1.61,0.9196373649321938,0.09440770354211625,1458
B.1.1.275,0.9196359619121544,0.09421695881026869,1459
B.1.1.237,0.9196359275387076,0.09473492068908647,1460
B.1.1.30,0.9196359275387076,0.09473492068908647,1461
B.1.1.231,0.9196296957671484,0.09409029849123662,1462
B.1.1.40,0.9196292385630424,0.09529828326874283,1463
B.1.1.299,0.919628257699176,0.09415260728432433,1464
B.1.163,0.919626878511572,0.09419890282034882,1465
B.1.1.185,0.9196264425490912,0.0940334772231272,1466
B.1.199,0.9196260813981192,0.09469543962798697,1467
B.1.1.412,0.919625476285488,0.09394330200271193,1468
B.1.227,0.9196247252040548,0.09595502219256284,1469
B.1.1.267,0.9196223784015124,0.09444424646027849,1470
B.1.1.300,0.9196150234635724,0.0939405102978009,1471
B.1.1.514,0.9196150234635724,0.0939405102978009,1472
B.1.1.513,0.9196150234635724,0.0939405102978009,1473
B.1.1.301,0.9196150234635724,0.0939405102978009,1474
B.1.1.27,0.9196150234635724,0.0939405102978009,1475
B.1.1.190,0.9196140173689388,0.09473010581974863,1476
B.1.1.196,0.9196126907724068,0.0951627953937179,1477
B.1.1.430,0.9196119379109212,0.09518199697184425,1478
B.1.1.88,0.9196102590588872,0.09485462409979388,1479
B.1.1.55,0.919608602575864,0.09562272596828382,1480
K.1,0.9196064277834546,0.09512771423064642,1481
B.1.1.308,0.9196059078825306,0.09527270060729645,1482
B.1.1.369,0.9196057617355896,0.09441676834774239,1483
B.1.274,0.919604536467317,0.09519942561537317,1484
B.1.1.218,0.9196024730568566,0.0953695047078908,1485
B.1.1.363,0.91959991267132,0.09584002386356139,1486
B.1.1.451,0.9195994530139062,0.09773294323652197,1487
B.1.1.118,0.9195981909132588,0.09401084132420222,1488
B.1.1.310,0.9195963076884064,0.09454595883314294,1489
B.1.1.484,0.9195961705247442,0.0941800681217084,1490
B.1.1.283,0.919593050883105,0.09395176473507677,1491
B.1.1.165,0.919593050883105,0.09395176473507677,1492
B.1.533,0.919593050883105,0.09395176473507677,1493
B.1.1.200,0.9195903907976734,0.09482564950340959,1494
C.22,0.9195900741819564,0.09391722556002154,1495
B.1.1.399,0.9195891424514416,0.0942774896056718,1496
B.1.1.170,0.9195885021484872,0.09404930686528475,1497
B.1.36.28,0.9195879581137616,0.09537232776541034,1498
C.35,0.9195874934862704,0.09394877880333743,1499
C.27,0.9195846227439928,0.09397149186251962,1500
C.33,0.9195828096222912,0.09390749050025467,1501
C.32,0.9195828096222912,0.09390749050025467,1502
C.6,0.9195828096222912,0.09390749050025467,1503
C.11,0.9195828096222912,0.09390749050025467,1504
C.34,0.9195828096222912,0.09390749050025467,1505
C.7,0.9195828096222912,0.09390749050025467,1506
C.12,0.9195828096222912,0.09390749050025467,1507
C.26,0.9195828096222912,0.09390749050025467,1508
C.1,0.9195828096222912,0.09390749050025467,1509
C.9,0.9195828096222912,0.09390749050025467,1510
C.14,0.9195828096222912,0.09390749050025467,1511
C.25,0.9195828096222912,0.09390749050025467,1512
C.8,0.9195828096222912,0.09390749050025467,1513
B.1.1.236,0.919580794228295,0.09523463490671624,1514
C.10,0.9195778231135756,0.09416648642696099,1515
B.1.1.326,0.919575997910904,0.09487514915173118,1516
B.1.1.8,0.919575997910904,0.09487514915173118,1517
B.1.273,0.9195759786598632,0.09406625678189302,1518
B.1.1.262,0.9195745348742542,0.09650814372832839,1519
B.1.103,0.9195690149118304,0.09452067890901325,1520
B.1.1.423,0.9195666452758536,0.09499422881732428,1521
B.1.1.266,0.9195628093053702,0.0955407452532037,1522
B.1.1.382,0.9195624440090492,0.0954731932876531,1523
B.1.1.372,0.9195617140976337,0.09387935628823489,1524
B.1.1.347,0.9195581215922816,0.09444722325493478,1525
C.21,0.9195573675676016,0.09405400162733384,1526
B.1.1.120,0.9195543861401708,0.09603150458399666,1527
B.1.1.269,0.9195538106700178,0.09426701294772144,1528
C.3,0.91955127806009,0.09479205484194957,1529
B.1.1.175,0.9195484395238342,0.09433095813339526,1530
B.1.93,0.9195477912452472,0.0962090404648686,1531
B.1.1.258,0.9195430984520518,0.09450347880926659,1532
B.1.1.34,0.9195411057436668,0.09513296631466629,1533
B.1.1.41,0.9195402757135692,0.09434920169926446,1534
B.1.105,0.9195400899102332,0.09498231211560886,1535
B.1.1.368,0.919529721661134,0.09427937039621563,1536
B.1.1.361,0.9195256452782968,0.09426828937962382,1537
C.13,0.9195206869413822,0.0948774607442954,1538
B.1.1.291,0.9195115443324317,0.09467761114315207,1539
B.1.1.101,0.9195026145770594,0.094264038647921,1540
B.1.258.3,0.9194797081019266,0.09584757540115157,1541
B.1.1.15,0.9194788049719492,0.09780381359254904,1542
B.1.258.9,0.9194488787675594,0.0956139982381832,1543
B.1.1.279,0.9194438661050636,0.0962667310901297,1544
B.1.1.456,0.919442700116719,0.09599773318284234,1545
B.1.1.255,0.9194250737223166,0.09635106607425356,1546
M.3,0.9194211784973118,0.09501916918003452,1547
B.1.1.289,0.9194151976092044,0.09409742508648024,1548
B.1.126,0.919415096296188,0.09500181383560911,1549
B.1.1.294,0.9193870938144828,0.09392823952170597,1550
B.1.1.271,0.9193870938144828,0.09392823952170597,1551
B.1.1.466,0.9193870938144828,0.09392823952170597,1552
B.1.1.304,0.9193753246788589,0.09417119265520055,1553
B.1.258.12,0.9193707474592402,0.09473256284167175,1554
B.1.258,0.919370235520673,0.09486809316378352,1555
B.1.1.3,0.9193600176746304,0.09517025540791411,1556
M.2,0.9193398264772747,0.09461097456393881,1557
C.5,0.919326987647576,0.09629097555631053,1558
B.1.1.128,0.9193219966519064,0.09391442067588877,1559
B.1.1.521,0.9192910798279446,0.09401312754513189,1560
B.1.1.344,0.9192795992314312,0.09464466179216849,1561
G.1,0.9192775714532704,0.09697502542373299,1562
B.1.258.2,0.9192750401312864,0.09685542403954144,1563
B.1.258.20,0.9192743406486574,0.09600580467656233,1564
B.1.36.25,0.9192389825217606,0.09731384674211903,1565
B.1.1.277,0.9192193978273102,0.09461543829818199,1566
B.1.476,0.9192191225589496,0.09426920167220217,1567
B.1.159,0.9192191225589496,0.09426920167220217,1568
B.1.258.7,0.9192154274329244,0.09483924308191416,1569
B.1.1.389,0.9192074718884424,0.09642452074035641,1570
B.1.258.11,0.9192016627511492,0.09455511258462086,1571
B.1.258.6,0.9192016627511492,0.09455511258462086,1572
B.1.258.18,0.9191975174993005,0.09518086532796993,1573
B.1.36.34,0.9191969069709768,0.09684553549101073,1574
B.1.475,0.9191885067820024,0.09516210871313548,1575
B.1.396,0.9191774744841612,0.09460059310914505,1576
B.1.224,0.9191622297257152,0.09500895359571193,1577
B.1.258.19,0.919159488086034,0.09527190372465472,1578
B.1.1.84,0.9191265504644172,0.09448204463422367,1579
B.1.160.31,0.9190993573376818,0.10501239114505917,1580
B.1.1.74,0.9190784597843468,0.09638226815824245,1581
B.1.281,0.9190743143287836,0.09478694432100407,1582
B.1.1.445,0.9190321212739848,0.10626865486969327,1583
B.1.1.273,0.9189951576303922,0.09453805022051907,1584
B.1.441,0.9189664647619256,0.09432473366649395,1585
AH.1,0.9189403927497072,0.095393932755014,1586
B.1.1.162,0.9189384731374856,0.09470444815026303,1587
B.1.1.44,0.9189370210523724,0.09757026338360623,1588
B.1.1.377,0.918930485280621,0.09642078402558332,1589
AH.2,0.91892308418753,0.0956040990141303,1590
B.1.1.461,0.9189131817917832,0.09481077798132874,1591
B.1.391,0.9188686687313692,0.09454040997170442,1592
B.1.544,0.9188313719136212,0.09930695233604614,1593
B.1.610,0.9188230988988252,0.09400621471662443,1594
B.1.1.46,0.9188188224206552,0.09390929916376868,1595
B.1.405,0.9187890058518516,0.09737289937959848,1596
B.1.242,0.9187333006556684,0.09400142101056903,1597
B.1.602,0.9187173793532936,0.09426211886596722,1598
B.1.1.405,0.9187135957760814,0.09630803949762998,1599
B.1.36.35,0.9187083746389342,0.0952313869680812,1600
B.1.36.26,0.9186607562243368,0.09534951380496913,1601
B.1.1.228,0.9186544326188923,0.09495001692923952,1602
B.1.1.241,0.9186509128585558,0.09406017100244154,1603
B.1.258.22,0.9186353575232856,0.09853417655995149,1604
B.1.480,0.9186170076988708,0.09483928170480332,1605
B.1.229,0.9185959620716584,0.09424879153342021,1606
D.3,0.9185767437017336,0.09539821522731502,1607
B.1.1.54,0.9185599556883524,0.09599457953639116,1608
B.1.443,0.9185532257020392,0.0964601028217699,1609
B.1.467,0.9185458371079688,0.09656341798692829,1610
B.1.408,0.918513860870537,0.09426663327897923,1611
B.1.1.93,0.918512402663046,0.09856059913809943,1612
B.1.395,0.918498747249222,0.09383545775105145,1613
B.1.35,0.918498747249222,0.09383545775105145,1614
N.7,0.9184805715212462,0.09631634933416186,1615
B.1.36.37,0.9184741813489542,0.0948909500910299,1616
B.1.1.33,0.9184644774859495,0.09621015146020581,1617
B.1.184,0.9184627644331156,0.09387985957144075,1618
N.4,0.9184593181313656,0.09645512081932782,1619
N.6,0.918458847780621,0.09620879058609966,1620
N.8,0.918458847780621,0.09620879058609966,1621
N.3,0.918458847780621,0.09620879058609966,1622
B.1.36.20,0.9184577979051994,0.09428750895359661,1623
B.1.36.18,0.9184555892822681,0.095748427241602,1624
N.1,0.9184534377389026,0.09626246114477577,1625
B.1.397,0.9184519217843438,0.09379331911583347,1626
B.1.236,0.9184516741986396,0.09398273477299189,1627
B.1.240,0.9184480873843702,0.09375397460959764,1628
B.1.231,0.9184480873843702,0.09375397460959764,1629
B.1.401,0.9184480873843702,0.09375397460959764,1630
B.1.381,0.9184480873843702,0.09375397460959764,1631
B.1.241,0.9184480873843702,0.09375397460959764,1632
B.1.558,0.9184480873843702,0.09375397460959764,1633
B.1.188,0.9184480873843702,0.09375397460959764,1634
B.1.238,0.9184480873843702,0.09375397460959764,1635
B.1.1.14,0.9184408806712042,0.0947883353949041,1636
N.2,0.9184392050533436,0.09694309888362708,1637
B.1.110.3,0.9184381869340194,0.09458904177141754,1638
B.1.22.1,0.918420413638109,0.09725497233997317,1639
B.1.402,0.9184081905202576,0.09507657393933296,1640
B.1.258.14,0.9183963491812116,0.09395493674698562,1641
B.1.456,0.9183959237726504,0.09428927121850701,1642
B.1.36.10,0.918394892302798,0.09387945702768657,1643
B.1.36.24,0.918388531186026,0.09383697777316008,1644
B.1.36.17,0.918388531186026,0.09383697777316008,1645
B.1.36.8,0.918388531186026,0.09383697777316008,1646
B.1.36.1,0.918388531186026,0.09383697777316008,1647
B.1.36.38,0.918388531186026,0.09383697777316008,1648
B.1.36.16,0.918388531186026,0.09383697777316008,1649
B.1.36.36,0.9183879619377332,0.09397128438590702,1650
B.1.554,0.918344038384314,0.09424749251083678,1651
B.1.556,0.9183340691990972,0.09407528371006606,1652
B.1.235,0.91826535978553,0.09515141791237153,1653
B.1.240.1,0.9182470431411948,0.09390652141088428,1654
B.1.417,0.9182196693770744,0.0948742022836585,1655
AE.4,0.9181610866482874,0.09745938123385171,1656
B.1.403,0.918152276372578,0.09533423271972341,1657
AH.3,0.91814824504918,0.09477061044077577,1658
B.1.239,0.9181433468430756,0.09426075632459126,1659
B.1.1.274,0.91797214749412,0.09401634293593761,1660
AE.6,0.9179392947136532,0.09632017913381362,1661
AE.5,0.9179189427114632,0.09700278403654795,1662
B.1.1.353,0.9178901616370464,0.09647087973903687,1663
B.1.36.33,0.917804793134043,0.1013671582372209,1664
B.1.1.25,0.9177947345386348,0.09498197025460205,1665
B.1.233,0.9177692779313013,0.09578743581009673,1666
AE.1,0.917719012042233,0.09554018045170011,1667
B.1.1.306,0.917719012042233,0.09554018045170011,1668
AE.2,0.9177085696671146,0.0963110520149801,1669
AC.1,0.9176455965589324,0.09825958366892781,1670
B.1.1.307,0.9175736467013808,0.09697853061061257,1671
B.1.36.12,0.9175079239529051,0.0948098199023473,1672
B.1.548,0.9173574847887096,0.09567536859560019,1673
B.1.1.99,0.917350117239557,0.09788435659745896,1674
B.1.234,0.9172799831868919,0.09497242811957518,1675
B.1.160.8,0.917212888211852,0.1051536037213881,1676
B.1.1.133,0.917141782898398,0.0978823805640734,1677
B.1.160.13,0.9171386244088252,0.10408692429317914,1678
B.1.400,0.9171143778683186,0.09486309883003977,1679
B.1.160.10,0.9170656065849504,0.10559040483860087,1680
B.1.389,0.9170114162036432,0.09522648681538223,1681
B.1.160.29,0.9170054379212323,0.10513977935902166,1682
B.1.232,0.9169553685030688,0.09660799146287048,1683
B.1.177.57,0.9169344784555794,0.10083851803894604,1684
B.1.1.70,0.9168961621437127,0.10158421346759729,1685
B.1.160.25,0.9167479296502004,0.10469549633605414,1686
B.1.160.17,0.9167390434042528,0.10522067499355583,1687
B.1.177.56,0.9167337244083744,0.1003402316829033,1688
B.1.160.24,0.9166887383286896,0.10590238089815478,1689
B.1.160.15,0.9166803983332468,0.10365816318750574,1690
B.1.160.27,0.9166801144330058,0.10365797136007317,1691
B.1.160.11,0.9166780764371392,0.10369336011200983,1692
B.1.160,0.9166455625291865,0.1037683552109983,1693
B.1.160.32,0.9166439585805192,0.10396005916587521,1694
AE.7,0.9164475823398064,0.09696249115016858,1695
B.1.160.28,0.9164299575660269,0.10393051068052311,1696
B.1.160.21,0.9162752841634406,0.106134183762661,1697
B.1.1.100,0.916104508964165,0.09955015011476337,1698
B.1.1.379,0.9151735340034726,0.09701792424469795,1699
B.1.160.18,0.9149066258914974,0.10916420946800066,1700
AE.3,0.9148932918850404,0.09653988544154957,1701
B.1.1.337,0.91476064991894,0.09829743373408592,1702
B.1.160.20,0.9142885344733612,0.10607920263470795,1703
B.1.240.2,0.9118579520707668,0.09731165734446663,1704
B.1.1.28,0.9110989574977681,0.09704249353620223,1705
B.1.1.49,0.9110979812322408,0.09686424179748857,1706
A.23,0.9109070198086568,0.15204562905849117,1707
B.1.1.332,0.9106704843725264,0.09759071577787876,1708
B.1.599,0.9103405138930106,0.12825977510412873,1709
B.1.94,0.9093262722594218,0.10332524724930224,1710
B.1.586,0.8986620094500462,0.04763740389295217,1711
B.1.36.21,0.8963603250923436,0.12670000393303768,1712
B.1.258.4,0.8958205568240956,0.13016056008647559,1713
AE.8,0.8900883162303391,0.11493688833001532,1714
B.1.1.182,0.885059997886199,0.1264591815843957,1715
B.1.534,0.8814665221404996,0.1297152155409206,1716
B.1.1.263,0.8727183330754502,0.10611587147108749,1717
B.1.588,0.8712139045977111,0.11330893124735834,1718
B.1.588.1,0.8711331417659669,0.11406275137985464,1719
B.1.587,0.8570576862787243,0.10661364687767068,1720
A.7,0.8531661317159897,0.14145132908208996,1721
B.1.615,0.850950458427444,0.10638527408500241,1722
B.1.596.1,0.8493276048441624,0.11132645972923784,1723
B.1.595,0.8426165481503963,0.10214110220241356,1724
B.1.265,0.8414904201001855,0.11098627259058845,1725
B.1.350.1,0.83970621748396,0.10673275584499152,1726
B.1.375,0.8396330338784681,0.09887488968033503,1727
B.1.264.1,0.8378847472185557,0.10404503210994634,1728
B.1.541,0.8372823676546696,0.11098763253352917,1729
B.1.593,0.8340419317576356,0.09742626451822677,1730
B.1.585,0.8338412766112805,0.09769460535330483,1731
B.1.591,0.8337877991670486,0.09932461359280928,1732
B.1.328,0.8337330229923998,0.09777977598376536,1733
B.1.521,0.8326313417324478,0.10069729166888859,1734
B.1.499.1,0.831599699224305,0.1026396296649677,1735
B.1.577,0.830215989798242,0.09837640178962809,1736
B.1.305,0.8292571918795866,0.10106948924815334,1737
B.1.313,0.8291761142219046,0.1013559069542143,1738
B.1.499,0.8290979185746717,0.10005618977449003,1739
B.1.595.2,0.8282066490035193,0.09784198676534803,1740
B.1.595.1,0.8279957664077737,0.09707850763711291,1741
B.1.595.3,0.8279081577789189,0.0962232615812116,1742
B.1.567,0.8279011729255147,0.09606115094744376,1743
B.1.589,0.8278942340025067,0.09694506168996757,1744
B.1.595.4,0.8278546492813015,0.09765739954221969,1745
B.1.568,0.8277848109358813,0.09703796816462032,1746
B.1.426,0.8274154949411182,0.09600881907043346,1747
B.1.605,0.8266886012192382,0.09411339327315933,1748
B.1.578,0.8266221091639522,0.09971992289584676,1749
B.1.342,0.8263774014541221,0.0942729515106504,1750
B.1.433,0.8263740545446119,0.09376044753046632,1751
B.1.428.3,0.8263376624424709,0.09691299482037771,1752
B.1.411,0.8262588993581681,0.09796810162207092,1753
B.1.311,0.8262494417104853,0.09583080986123561,1754
B.1.346,0.8260331254478737,0.09412911408324427,1755
B.1.590,0.8257896525561944,0.09359317400963388,1756
B.1.428.1,0.8257335144848332,0.09588359849870375,1757
B.1.428.2,0.8254858988794462,0.09684380998491904,1758
B.1.284,0.825402931423523,0.0950076523975088,1759
B.1.369.1,0.8250660066484757,0.10204163281476425,1760
B.1.301,0.8249608568174653,0.09301685944098073,1761
B.1.336,0.8249608568174653,0.09301685944098073,1762
B.1.424,0.8249356717568871,0.09391228468541674,1763
B.1.592,0.8248974328518762,0.09343346639340332,1764
B.1.450,0.8248948159449833,0.09370425465708543,1765
B.1.425,0.824861938038913,0.093847357307011,1766
B.1.594,0.8247818899986021,0.09563453242869865,1767
B.1.304,0.8247266998230877,0.09989837009135218,1768
B.1.370,0.8244495288296272,0.09349308210044022,1769
B.1.362.1,0.8242389819532749,0.09608565077132449,1770
B.1.517.1,0.8240849477448751,0.09661287263472701,1771
B.1.302,0.8239394709425668,0.09545468036422326,1772
B.1.517,0.8238282776763345,0.09356803361593115,1773
B.1.428,0.8233546756491025,0.09458364387782485,1774
B.1.362.2,0.8232640966244376,0.09657842655865125,1775
B.1.362,0.8230532975664807,0.0937890801951706,1776
B.1.580,0.8226362145480223,0.09147044673510869,1777
B.1.581,0.822337029772248,0.09158024750199363,1778
B.1.582,0.822337029772248,0.09158024750199363,1779
B.1.570,0.8221661863111625,0.09337852145737978,1780
B.1.293,0.8218341256360652,0.09206464939681785,1781
B.1.612,0.8218281767340121,0.09123582351170591,1782
B.1.369,0.8217084712119638,0.09274816516924397,1783
B.1.562,0.8216871900159742,0.0978559930010591,1784
B.1.361,0.8216163599913073,0.0921222553447027,1785
B.1.334,0.8215711452079235,0.09342754771667922,1786
B.1.292,0.8215215391082079,0.09272318433746468,1787
B.1.117,0.8213965511794683,0.09250948885532419,1788
B.1.516,0.8213893412747955,0.09258312113383048,1789
B.1.501,0.8213266898271734,0.09387001299553338,1790
B.1.576,0.8213005634892528,0.09356883917281074,1791
B.1.258.15,0.8212497903168026,0.1495471685719569,1792
B.1.1.392,0.8211991111242448,0.15044450790152764,1793
B.1.503,0.8211850708077446,0.0934842278760275,1794
B.1.1.160,0.821149885863865,0.148960427071232,1795
B.1.1.135,0.821149885863865,0.148960427071232,1796
B.1.564.1,0.8211317599415455,0.09233080514301291,1797
B.1.518,0.8211239216836367,0.09340404069840395,1798
B.1.571,0.8210948750552022,0.09235875970298897,1799
B.1.573,0.8210757967409572,0.09255662153684455,1800
B.1.337,0.8209668788746262,0.09217616606306643,1801
B.1.448,0.8209277584033875,0.09275853492001544,1802
B.1.343,0.8208672678663951,0.09234724045900196,1803
B.1.492,0.8208632216258637,0.0919373675998237,1804
B.1.601,0.8208136393068463,0.09250183294026633,1805
B.1.338,0.8208130151921316,0.09435693133672356,1806
B.1.432,0.8208081033849384,0.09233743401934284,1807
B.1.504,0.8207754743494199,0.09320161051544722,1808
B.1.12,0.8207708358319403,0.09234334810522075,1809
B.1.496,0.8206469900359641,0.09423259762617425,1810
B.1.510,0.8206304724588692,0.09284987177860976,1811
B.1.490,0.8206300083109578,0.09240357806610781,1812
B.1.579,0.8206103639254498,0.09274152222862876,1813
B.1.306,0.8206074465031409,0.09233002264661971,1814
B.1.607,0.8206054467376841,0.09232706767600671,1815
B.1.356,0.8205944187329138,0.09207224502485216,1816
B.1.500,0.8205922776534234,0.09293988886452652,1817
B.1.487,0.8205902765805407,0.09217473391151655,1818
B.1.115,0.8205899763955202,0.09239840756644346,1819
B.1.350,0.8205848218759294,0.09203469431103493,1820
B.1.294,0.8205786425198601,0.0935179973954085,1821
B.1.489,0.8205744103452582,0.0926725526299077,1822
B.1.598,0.8205690093309633,0.09336063394710575,1823
B.1.321,0.8205580527560936,0.09247930867520224,1824
B.1.372,0.8205550849898275,0.09363731649962381,1825
B.1.332,0.8205368150836267,0.092731428547197,1826
B.1.38,0.8205320406226513,0.09235669599250834,1827
B.1.340,0.8205244246762933,0.09274932141721651,1828
B.1.333,0.8205231762047768,0.09311380695858877,1829
B.1.166,0.8205221251767741,0.09213057420737643,1830
B.1.451,0.8205203110256338,0.0919108305606528,1831
B.1.168,0.8205149313741198,0.09219169361371825,1832
B.1.574,0.8205129158517696,0.09286133492989024,1833
B.1.422,0.8205118606513965,0.09297003611204863,1834
B.1.319,0.8205102915747239,0.09297526865906772,1835
B.1.314,0.8204990249471856,0.09209768655147901,1836
B.1.320,0.8204959423688899,0.09186688260441983,1837
B.1.485,0.8204959423688899,0.09186688260441983,1838
B.1.564,0.8204959423688899,0.09186688260441983,1839
B.1.316,0.8204959423688899,0.09186688260441983,1840
B.1.413,0.8204959423688899,0.09186688260441983,1841
B.1.335,0.8204959423688899,0.09186688260441983,1842
B.1.323,0.8204959423688899,0.09186688260441983,1843
B.1.511,0.8204959423688899,0.09186688260441983,1844
B.1.366,0.8204959423688899,0.09186688260441983,1845
B.1.572,0.8204959423688899,0.09186688260441983,1846
B.1.39,0.8204959423688899,0.09186688260441983,1847
B.1.354,0.8204959423688899,0.09186688260441983,1848
B.1.453,0.8204959423688899,0.09186688260441983,1849
B.1.324,0.8204959423688899,0.09186688260441983,1850
B.1.108,0.8204959423688899,0.09186688260441983,1851
B.1.329,0.8204959423688899,0.09186688260441983,1852
B.1.515,0.8204957245425613,0.09263998963258738,1853
B.1.267,0.8204936440019674,0.09235611428620999,1854
B.1.520,0.8204861719672795,0.09237896725756767,1855
B.1.357,0.8204859371435258,0.09322647540412649,1856
B.1.315,0.8204819486126704,0.09234858319233061,1857
B.1.291,0.8204729343673961,0.09200484504985809,1858
B.1.437,0.8204716424709337,0.09265482410231081,1859
B.1.268,0.8204693267581991,0.09306160969227135,1860
B.1.287,0.8204674631200145,0.09263790795422092,1861
B.1.40,0.8204657153565682,0.09230263484850874,1862
B.1.597,0.8204597125840263,0.09262417741016593,1863
B.1.325,0.8204593559172259,0.09271788675295442,1864
B.1.341,0.8204468332805186,0.09278177024661828,1865
B.1.355,0.820444961470164,0.09310272939564278,1866
B.1.167,0.8204431068154311,0.09227295680434539,1867
B.1.360,0.8204399949938663,0.09208354774028385,1868
B.1.486,0.8204356606232602,0.09340686783020667,1869
B.1.613,0.8204348589915779,0.09363437529723581,1870
B.1.326,0.8204345187741141,0.09227429878217319,1871
B.1.118,0.8204344473360129,0.09207292766919158,1872
B.1.513,0.8204196667514075,0.09240951356965962,1873
B.1.358,0.8204160836127324,0.09412803503622265,1874
B.1.348,0.8204085538496914,0.09455258218513538,1875
B.1.431,0.8204031721326406,0.09206974052375334,1876
B.1.508,0.8204004174279534,0.09339682451641336,1877
B.1.289,0.8203941041306082,0.09218080191422566,1878
B.1.498,0.8203682812631667,0.09222042448404512,1879
B.1.502,0.8203682812631667,0.09222042448404512,1880
B.1.505,0.8203682812631667,0.09222042448404512,1881
B.1.507,0.8203682812631667,0.09222042448404512,1882
B.1.120,0.8203484050231913,0.09298636143404879,1883
B.1.494,0.8203282769517528,0.09210788246072314,1884
B.1.491,0.8203190449940215,0.09427338521570404,1885
B.1.611,0.8203180386195447,0.09395073143530508,1886
B.1.310,0.8203030628550689,0.0925479657564795,1887
B.1.506,0.8202751926275333,0.09268081509783842,1888
B.1.493,0.8202546335710956,0.09362095308302722,1889
B.1.349,0.8202145770732306,0.09181234107685836,1890
B.1.614,0.8201929082180006,0.09560772371054697,1891
B.1.3,0.8201653319393506,0.09185783868266129,1892
B.1.497,0.8201417967132382,0.09193958681134691,1893
B.1.264,0.8201376766856745,0.09248363496259628,1894
B.1.359,0.8201323920259032,0.09253082748357307,1895
B.1.495,0.8201145503998963,0.09223197661881605,1896
B.1.309,0.8200152927096713,0.09487605945246969,1897
B.1.488,0.8199559232659542,0.09348683948239896,1898
B.1.363,0.8198887100419614,0.09486151977392897,1899
B.1.452,0.8196956487676736,0.0932415122353613,1900
B.1.1.38,0.8194697522685294,0.09312638799664581,1901
B.1.444,0.8194536509296357,0.09499436944918808,1902
B.1.116,0.819198634993769,0.0927446635565323,1903
B.1.344,0.8190103696865237,0.09607432348898616,1904
B.1.367,0.8186462471693594,0.0986002465618045,1905
B.1.330,0.8179445791487189,0.09330659855410575,1906
B.1.435,0.8174881881483963,0.10002033610398003,1907
B.1.298,0.8167253324205307,0.0963604398283623,1908
B.1.606,0.8166055363071982,0.09709095476210369,1909
B.1.445,0.8160432602380372,0.09650536140866471,1910
B.1.509,0.8143826201794563,0.09533125451710385,1911
B.1.569,0.8142189542986116,0.09698129241533016,1912
B.1.1.284,0.8055904626971171,0.1471935527226953,1913
B.1.160.23,0.7970760283305693,0.18068264050799931,1914
B.1.160.22,0.7960301115646282,0.18048871479955556,1915
B.1.263,0.7827410383427413,0.1280879236689649,1916
A.2.3,0.7411853611075264,0.11381082838593858,1917
A.2.4,0.7377976931305632,0.11194028648600036,1918
B.1.177.31,0.737638687450671,0.1185375440384099,1919
A.2,0.7334328744748164,0.11012715342437172,1920
A.3,0.7312535332360871,0.11293658624653573,1921
B.1.308,0.7297508240525259,0.11198076579515404,1922
A.17,0.728453697460039,0.10898455531956716,1923
A.5,0.7276369079154524,0.10760851854485447,1924
A.16,0.7276102558445859,0.10772827141943628,1925
A.6,0.727508815131523,0.10951140171200964,1926
A,0.7246247191703,0.10759262719868423,1927
A.15,0.7245626087944753,0.10829504524819628,1928
A.21,0.7235770941441336,0.10783988629941038,1929
A.22,0.7232205687413257,0.10780307242254247,1930
A.4,0.7231871809182496,0.10781086939575207,1931
A.9,0.7231673498571806,0.10745064360627561,1932
A.11,0.7231673498571806,0.10745064360627561,1933
A.24,0.7230698997382669,0.10765533678321407,1934
A.26,0.7230698997382669,0.10765533678321407,1935
A.12,0.7226962992511503,0.11040210746341445,1936
B.1.44,0.7221027255201135,0.14916006344259203,1937
B.1.318,0.7220265805329094,0.14929088620139627,1938
A.25,0.719338957004755,0.11038774210378378,1939
A.18,0.71909898602115,0.1124796818303491,1940
A.19,0.718996414546632,0.11174650596710939,1941
A.1,0.704798685457816,0.12157547083351547,1942
